ID,CDGRP_ID,CODE,CODEDSC,CODELTXT
088f73fe-8600-4cfd-8da0-9d0447f2de0a,385c8a54-4283-483d-a60a-cb9083339214,910,90,
2744c98b-134c-4ae3-9a8a-232493740463,712cab3b-3927-4e3f-9f38-17349140ecf4,920,91,
7763d6a7-ffd9-449c-8c03-4a5de147482d,d58fa096-5e30-4eee-91f0-fc0810b64e2a,930,92,
5680990d-3e9c-4bf1-8422-f14e5405f2f8,d74ca631-8cd0-46a4-b5d1-9f665a5e6180,940,93,
ab805b6c-aed6-4b1b-9e47-a0539bd018d2,c04c399d-6f73-41a3-90a0-a43c584fb1f5,950,94,
f4fd0873-d046-4f19-9a34-dc341f81379a,33b1fe59-994d-479d-92bc-045c715c704a,960,95,
0269b0d1-ec43-4158-b4e7-34cfafc79da8,28308ba1-8b6e-4a30-8a7c-447e13207408,970,96,
961c1938-101c-403e-aff7-26c5f6309466,2aebe2ea-5a4a-4329-b100-9f7f3710aa27,980,97,
c4f1f176-01eb-423c-8cfc-c963008844f1,fdf65af8-752f-4c3d-9c1e-b3091e830c74,990,98,
1ac623e6-3933-4ce5-9cb9-03a3e4be6be6,8be40339-a7ba-4f6b-8b00-a65e587ca42d,1000,99,
13f305b9-ae02-47dd-ad72-00601af07d3d,0525c481-c919-4f5c-aa9e-a0212352aba2,1010,100,
36cca966-5209-42e5-9c80-f2f30019ee34,076d977d-09a7-4576-a75b-d8bd83110514,1020,FUT,
94c1a2f6-c637-4341-948a-2ffbf959a74e,25493de7-767a-4769-a023-13bfcc7bd287,1030,N/A,
3feaff5f-16b3-491f-a3b9-88b001f31ea2,598eaf67-4a3d-4741-8b7d-2ba6912804ea,10,L,
f5e71d12-5439-494e-80e8-f9035ec94763,c9e9d2b4-7fb3-439a-b676-ca345987f7cd,20,N,
49eea00b-932a-4aeb-8c40-c06a3553cde2,2f2b5b33-ea61-47c2-8eff-d1a975fd37da,29,N,NOT CLASSED LIFTING GEAR
bc3c5f39-3ca4-4a8a-924b-24c06b1793e3,2f8c2701-1f48-4777-b2b8-6fb4721eac6f,30,Y,BELONGS TO LIFTING GEAR REGISTER
163c202d-a14a-492e-b5df-fd45f9d24179,9e9bf418-2cc6-47c8-8972-4ab0666f103a,1,0.5,
d5a516fc-41c2-4e23-b27f-8497b7ed2fa3,4b2fe573-ee50-454c-b5ad-803ad4bb7778,2,1,
92aa4e8b-e50d-4f42-a99e-123be8de44fa,d4440f4f-ac43-4497-a34e-056019e9f79f,3,1.5,
ff81f641-cc0f-4df2-aa8a-bcca4438987f,530b5d62-db79-477c-8843-8debc3e3eebc,7,6,
b89c43d0-9c0c-4a71-8318-37741e0897f0,eea7539f-fe83-4cb5-85f5-69bc99d53916,10,"1 1/2""",
5dd54cd8-e631-4b88-8681-8792fef9b6e0,d0d864d4-ce10-41f1-8e22-83acc5d3ab16,20,"1 1/4""",
4faab79e-ab2b-437f-8a73-ce336be1d509,9429f83a-60ab-4e95-8da0-e4cfefff047d,30,"1 5/8""",
08614a7e-ccda-47f0-a80f-739cabe5805c,65eeb6bf-998c-4720-af0e-bb78d7fc18ae,40,"1""",
dfc70c9d-b1e5-401e-bbb9-d950a7c9b2b6,31cdcd2f-ee37-4905-be2f-c19cd04fc475,50,"1/2""",
edec9a56-5931-47eb-8422-217f44ad88be,44bca00f-81bf-4d86-aaeb-122ed293d1c0,60,"1/4""",
33a32937-1aea-4946-92ee-1c62b6df440a,a000e8f5-c46b-4822-8ff7-0fe3f5c2a07a,70,"1/8""",
8bb2248c-ec75-4854-916e-fe014485473c,d63c1385-d869-4d9b-955d-932dd67ab828,80,"10""",
3a0f23ab-ac66-414a-bb9b-9d985ffb287a,8fea7c5a-6ecc-4883-be2b-29e7b9188bd0,90,"12""",
996b97cd-cb0b-48ce-bd3a-92d5e4c5405a,24cb14b1-0f05-4174-936b-56f32063f307,100,"14""",
4c651ce8-8312-4531-86e8-af980a9c7385,56fbf952-9e4e-47ce-a25c-bcc5f8bd8d1d,110,"16""",
fcfe0027-511a-4d2f-b4ed-bf2be1403ee3,95cf9c43-09b1-4b70-b434-ed95b3af860c,120,"18""",
ad1cbe67-f737-466b-afa6-d6f6fb69fee1,af276de6-57bf-480e-a1ed-512891561a4c,130,"2 1/2""",
c1096f82-802d-4ae7-af7b-30ed2c379786,92224b11-a57e-4806-8164-4043993ea546,140,"2""",
2ea7682a-b678-4f2b-bef6-f256646db095,0cc94b3a-9ce2-4a3c-968e-8b0a02d88465,150,"20""",
791e3912-b729-452b-878b-8f810dff062d,325ebd51-7bec-4430-bbf6-27ad4d631269,160,"22""",
177f3c71-89f6-41c2-b74f-cb6fc1ac8d49,27594986-e772-4552-aaee-48543d680608,170,"24""",
0f2742ec-b8f8-499c-ae3c-04f1e26acbb3,9d9a8356-0012-41d5-9e4f-b863efc52058,180,"26""",
ac53c0f9-6e38-42c9-8bf6-0ba960098b01,81f09cc6-5640-4d55-9365-530d6537c939,190,"28""",
6ec73a9d-6a78-4f68-b043-0938b8c3e85a,750a9b9f-f29d-4c75-8b39-1c939a8f26f3,200,"3""",
c2f2cd4e-8305-4087-8630-2b4c16782aa3,50857342-1faf-490f-b542-8d9502461a88,210,"3/4""",
92f4fbf3-e103-4422-b9d6-95c7e01425a8,2d4f8825-6864-4bfc-815a-237e1c7b0cdc,220,"3/8""",
297002cf-8f14-4fbf-a1d3-e5065167bf6f,0a048f2b-fb0b-49ba-b0ea-70ac3b6d8d4a,230,"30""",
3431f19d-f908-4e73-9487-ee03e7bcc6db,e6d77682-3e17-459b-a16e-5f7d0b464f22,240,"32""",
4d08351d-1963-4eea-abc3-984b8f3babab,2bd9d872-7087-4d1a-921f-bc5397e608f2,250,"34""",
bf3c187b-83b0-40f8-ae78-37ee259db4b2,54272b34-a06a-48f4-89c7-f95ddddef877,260,"36""",
880288ad-cab9-4581-9a65-826d65f5ff53,0ca09e46-60fe-4750-8554-1baa7023cbcd,270,"4""",
f572e315-5246-4143-a8c2-39a90ffbee55,2956ff2b-663a-44b4-a04b-6eb74b81f42e,280,"40""",
7e59301a-c639-41ef-9ba0-93a38678c604,b3829f03-f648-4126-9ce1-ff74b800d0eb,290,"48""",
4a157c44-fd34-43ce-b5e2-cd2a0cb21c6b,cd5a295c-3c05-4739-9d92-9bc8bf9fe049,300,"5""",
4df6e0d4-5821-4f18-9023-738a180ae621,bc859407-c2ce-407c-bac3-15e1fbff6841,310,"5/8""",
fb231667-a311-4844-b918-3357ee44a949,c4a76911-0b5b-4c5b-82d3-13cb6d025918,320,"50""",
cb31bc4b-fd1a-42e2-b7d1-d852972b4514,a1176ded-d9b2-4b25-a6e3-a9c8ac32a63b,330,"6""",
5a6bfc5f-cf63-47ec-9b82-65113b867fd6,6778ec51-be4a-41ce-bba4-ce50f8fde810,2,Z1,CLASS 1
82923146-d1bf-40d9-acc1-09686e0e4b86,7467957f-1b19-416b-8196-4255ce24583e,3,Z2,CLASS 2
24ae7459-6e97-46f2-9d39-d87dc33c1098,cb24fbf1-8edc-4289-b064-872678527e56,4,N/A,NOT APPLICABLE
a6f67d47-ec4a-4330-9b96-9d254e40c1e8,b0a4a738-3a92-4715-9996-6da42ad0034a,10,Z0,
87c65a9d-5387-4e7e-8dae-70e31fe80614,c1cca58e-7e92-467e-a371-6eb63999340a,20,Z1,
71ee8d2e-b086-4d3b-a644-fdf24b9b3d63,e3e07ff6-0c68-4344-a94d-baf885b79123,30,Z2,
4525f312-cd32-4934-90c8-e47bae32fb99,78653974-15d6-45c4-8169-0187bbdba02d,40,N/A,
483736d1-ce31-4228-aeb8-b724ca3f2cf4,196406f7-ae84-4b34-af9b-23d3fec0b762,50,N/F,
63cb2c80-3daa-4848-938a-19f145600b96,f32f9130-48a6-40ea-b5e5-ed1db63c1a38,60,NON-HAZARDOUS,
6e8f8d65-6144-4981-8519-ac09ee872302,c92bedb4-5fe9-4395-9c6f-6ff9b35914e6,70,Z78,NEW CODE
ffa53048-c0b1-48b1-85e7-d9ddbc115a06,503161a6-2ab6-4400-b0c2-ad3057d968a4,10,BU12X2.5,CODE 1
a3df8082-659c-4d6d-8794-44d2598e4bdc,299a5551-7607-44be-b01b-b28bff9ceff4,20,BU2X2.5,
e8b5ada6-77b8-4d56-b913-8a4a72d4a4e1,58fd4f94-04bf-4b68-b273-976cc9188cdd,30,BUC12P2.5,CODE 3
46ba5b49-bb59-45a1-9d78-5d093acb2788,b2da7851-263f-4def-b21a-448906dadaeb,40,BUC12P2.5,
e355a8c3-fa83-454f-8b14-e85bcdb7f8ad,19b0d09f-5f1a-42e1-baea-e263ab12f1cd,50,BUC4P1.0,
2f5c1db1-faad-44fa-81d6-9d26cdbbe0f2,e2926bc9-10ca-46b7-93f0-0e091c4ca9f0,60,BUI1P1.0,
9949d346-91ac-4ab0-885a-a901c56fad81,48218acb-d7f9-433f-ba40-5f02e56d9e01,70,BUI2P1.0,
27d68297-58e6-47e0-98e5-4785d3ac9e51,43696b50-134c-4c6c-b2f7-5b19b0153021,80,CO-AX,
f66bbb39-ae57-48bd-85e1-7fa201ee9669,2a2a5961-d9da-497e-8676-5fa1078ad23b,90,DW-H16,
e6b99421-135d-4c45-ad3e-6293ee4f7783,3139f397-cbd1-465e-bcbc-9f37e2e599b1,100,FA662,
c6a6d3da-e00e-4807-aa38-20db18640618,e247299e-6ab6-473a-8e93-24e894204c5c,110,FA862,
6876e5f0-adff-4dba-8303-9c4958ef0fdf,95119e1c-5eb2-4c66-bf32-358eba5564ec,120,GA106,
93bda9fa-4d9d-4060-a995-3936b39f6aaa,7733153b-42bd-4a29-9935-06a03e222f9f,130,GA10C,
15ab45c4-6fea-4d88-bbc4-558487bdd40d,db1e158b-1cc5-400c-8da7-09b0a1649565,140,GA116,
ccfe3492-fce1-4ccf-b0b4-033e5d5e1011,ddf38b06-d6e0-4f1a-b6b4-f64f80737216,150,GA135,
def0439b-fe78-458a-9a28-71bb3efcb002,b3558d72-da7b-4ab3-bb0a-ebf450e20522,160,GA170,
4a612cc7-94c3-4fa2-b23c-a68591f5f8d3,5e9024da-5ded-46ea-9a5b-a2516c437f3a,170,HB10A,
13633981-3315-4ff9-aed7-6382c8c1b641,9d0b78f1-52fe-488f-bc7e-16ab180864c3,180,HB10B,
af564054-39e7-4e41-a00c-3c97328c1ae9,ac81ea8d-7abf-416f-9cbe-9eae97b36b4f,190,HB10C,
8cb21f8f-c74d-4097-99cc-3242a3ca8121,1505e6ca-f63a-40ff-abfc-08530e7811e6,200,HD30A,
3ab20095-9194-4a07-98ad-218954c0c88e,4416c07f-2062-4e4f-997c-4c494be91182,210,IAF16,
210fbd20-66c5-4213-8004-8ade1cad6047,5f5a5869-7670-415a-ace6-5be68e75b309,220,IAG16,
446c73d1-8ce8-4282-996a-5634ed7998b1,5993a95a-72bf-4ecd-aaca-fe3c62caed2f,230,IAH16,
4e820b93-e99a-4a11-b833-18fe0b4eac83,4b46fa0a-c9db-4ece-ad4a-00a236c12180,240,IAJ16,
8fc9eae2-c8aa-45db-a5ee-87c04122d61c,83108cf5-741e-4100-ad04-219a888d4999,250,IAK16,
2be4a578-e93c-4571-a8e7-c6452ef7bb65,704d67ff-1508-4a41-86c1-d4b1d57c8032,260,IAL16,
ffe51b70-371f-4257-a907-77a04fd16854,bbfca80d-3c9e-41b2-a155-d302395f4b96,270,IBH16,
05f6fa3f-9788-455c-a1c3-f3976d5332a9,f34890be-6edb-4005-b37d-dcddfafb603e,280,ICF16,
0ac5de2a-035a-4a7d-8912-d15461effa57,1b18b5cc-21df-44a0-83dc-a1bfc8c3ffe9,290,ICJ16,
33670454-a998-4610-ae0b-3e25da31d87a,c517c6b4-aa98-4f8a-a185-8a5802c4fd22,300,ICK16,
55557f0a-fe8f-4029-820b-707e5890b84c,bbc77900-918a-4bb0-8dd9-91375cbce688,310,IFH16,
28c2f392-5bba-4784-9d6d-df5a6c5fc725,cc62c5bd-4f2f-4e8d-8e98-fd3809eb9555,320,IFJ16,
a0fa858d-e46c-488c-8498-92509c45790f,66633d84-1742-43a7-a57e-68af5e783319,330,IFK16,
d021bc53-07f2-44d0-806e-adbe85dfc7fb,94bcf866-c390-4044-b6d9-2a78f312a740,340,JAF14,
c9c0a2a1-a62b-40fe-b51f-427476299c35,dae6d155-1439-4f93-b862-53222b013190,350,JAF16,
ce03a951-a857-4f66-87bd-c57ec6979a7b,6561b437-8f36-498a-8d11-66a26ba25c84,360,JAG14,
df549a14-f95f-4e06-af14-5dd1eb455b15,916a936e-7671-49d2-bbb8-ef0f06a43493,370,JAG16,
9ed7f6d5-034d-41e7-8858-19b01f08aca6,8439f7d2-5e91-4c53-90f2-696bf7800524,380,JAH14,
c4d24818-92f2-4fdd-b2dc-d8dba15ce328,83369382-33db-4feb-a20f-50862a6b3120,390,JAH16,
4efc0efb-2fca-417c-9275-b6f03c204130,00e88086-67e5-4934-b5e8-9c71671ad238,400,JAJ14,
bd1061be-9822-4db2-ac59-60202b804dd6,3d5dc206-75cc-48ba-8219-c17ff5be3c5d,410,JAJ16,
79ba5063-0b22-4a8b-9b50-d3566fbee7db,c8a777e3-e661-413e-9660-c8a6aa2a75cb,420,JAK14,
4ba9eabc-5630-4fbf-b19e-5162094cefa6,a4c85ff7-669e-4fa6-be9a-ccc6f4a78595,430,JAK16,
06993f79-7d76-4730-bf33-c214f970551d,83721912-3444-45d8-ab18-6d5cbb82d1e1,440,JAL14,
2cb51613-7bd7-4bb5-a665-a8acbe3f8ef0,fafb5076-a56f-4aea-b019-433395295d52,450,JAL16,
8c2e46bc-8e05-410a-8ef5-a3687adbd187,e27d92b2-d59c-46d1-bd25-09e574a117bf,460,JBG16,
9efe4b4c-e2ae-4b58-b83f-003e75cfe044,d0c904a9-cc1b-45dd-8a6b-0de6276a71c0,470,JBH16,
a9bee036-bf96-44e8-af67-31d89844e2d7,dc2f76d1-ca9e-45c0-a8fe-42afd20eb244,480,JBK16,
587bbbf4-f0cb-4468-bb73-b89042498202,462aefaf-577d-4a6e-8248-88a04c358aae,490,JDF16,
2d3b9bc9-cb41-4a92-bb29-f604d3c4c70d,0947b9af-23bb-4fa4-bdfc-966d6ecddbf0,500,JDG16,
66fc865a-cdf5-40d1-9dec-e5b83f0c4a5c,b84312d2-8cd1-4d78-945b-e0782f307752,510,JDH16,
5960afb1-4604-4978-9109-1fc67977a9c2,1701cc7a-e9ec-4feb-b8eb-a87443a1425f,520,JDJ16,
7a77cef1-692a-4c6a-bb0d-74d4e3ac6ba7,a57f2314-300a-490c-a8a8-7d2c1b0c403d,530,JDK16,
af7da49e-6243-4196-ba97-5c646e77bf9b,8789d3c7-64d7-426b-8535-41fb8750be8d,540,JEG16,
140244f5-ed53-4f93-8a92-617b8b862fc5,9393a996-be52-41c6-82f9-909528313b1b,550,JEH16,
9676769a-cdc4-4738-b537-cf47258fcdbb,1abbfeb4-8e23-42a1-9aaf-e1346d1ad444,560,JEJ16,
c86ce638-48fc-4802-978e-a9eabe8b12da,368bc78d-dd7b-42a4-bb1a-1c6470d77f57,570,JEK16,
6663aef4-ddf2-4631-83ae-0d8d85bd4030,ccce8e72-2fa8-4ab4-91cc-67f592f2b861,580,JFG16,
9346a835-d4e8-425d-b42f-20410435a8c2,08f0b3e2-dc96-4da0-9640-0ab0826f788d,590,PA10A,
382c9405-af5e-4b1e-b2a1-00015b64329d,607f693d-95e5-43ed-8ba5-9bd9d89f315d,600,PA10B,
de43568e-4e2f-4a93-9fb9-75204b5d1919,d35d4b76-a8f8-4dc4-a777-01d822458bb1,610,PA10C,
16785ad5-af58-4153-b00e-b17e53ddfe14,b8d1c5f2-6ca5-4de3-ac20-563686714d18,620,PA303X,
aa912bb5-258c-4b56-b359-887c88f75a68,b0b28bcd-7934-43c9-b1b4-ff22ae26e9fc,630,PA304,
acc11522-5ea5-4aa5-b97b-8f8d59064a52,ca624268-6172-406f-b6db-98f128d1ad56,640,PA304X,
388b4492-0838-40dd-9e9c-7828558a8b75,9ac7cd1a-2e28-4542-a538-18f1554b67bd,650,PA306,
70a49c26-b62d-4412-ad71-ffb003fd5330,f107a12c-f399-4e79-9c93-8ca33a274a1a,660,PA306X,
8b4bc278-4fa7-46a8-a61e-82896b3ad4b7,2e36918a-b661-4927-8a99-8f2c33250de5,670,PA30A,
a3115c6a-51bd-4e77-a491-2e717641dbf2,7aaf8f13-f05f-40f8-bfa7-773a95b68faf,680,PA310,
ef858c95-e166-4e40-9efd-bae8f0d8d967,09fd71c2-64d8-47e5-a53f-ab40e1a104fb,690,PA310X,
ad464254-f8fe-4bf0-af51-84d1aebd338b,5125429a-c032-43f9-8c2b-837e86a71871,700,PA316,
d7c4f303-5501-4d5e-97a2-65d59b00a633,28a5a997-fcee-4de2-b26c-7af9336ba7ec,710,PA316X,
2da76177-647e-40d6-af78-28b686883f6d,db528405-89df-4221-aea6-535f70ecb069,720,PA325,
c33c0cb8-b283-44e1-b723-bdcd3ed6fe61,19fb0a7a-f3cd-494a-b114-f166d4eb617a,730,PA325X,
43872dea-add4-4b16-9c90-50dde9525bbc,4a336cb1-1f5c-425e-8ef5-d17621355630,740,PA335,
19d01457-3427-4332-960f-07431f7b66f9,d68ad094-b89d-4f48-b0a7-5fd408189ad1,750,PA350,
6ccee588-3da7-48c6-9390-c4aea153438e,0c93a97c-3416-47e6-98e6-db489d42f0b3,760,PA370,
568cce6a-4f69-4239-9106-3abf118cb6fa,f6a4320f-8cbe-4334-95ed-41633f0d368f,770,PA395,
d977d8b7-607d-41f5-8b75-33c482e66f51,d80e1679-011a-4bf8-826d-3779d8f36732,780,PA470,
8374e8cf-2e3f-4a73-b3e3-e72ac751c515,f59c4f8a-f821-4a8c-ab68-1a0d03437512,790,PB10A,
09cc7250-9df5-4b7e-90e7-16f8779aeb69,c10d9a6f-6d62-4df2-b7fc-384b41ac2c8c,800,PB10B,
e45a8f3d-8be5-4e53-b117-be81b662426e,a7c76d04-47db-4032-aef7-afae3c62d8f1,810,PB10C,
87a6569a-040b-4eac-bd2b-593490698810,6b9b6a5d-fdd9-4c4f-9847-bdc11ee8a50f,820,PB303X,
165909f3-fa81-4f19-8c93-32006aff3ab7,72dd4dac-00c4-4766-9d40-8ca470af9378,830,PB304,
c311cc64-f095-41fd-85e6-5a005e5a62b8,46053518-7137-4e93-9de1-f01dbfeef10b,840,PB304X,
c27d4202-3a30-42dd-b295-d59c5d91a4d9,6eafbeba-3df2-4309-8243-3725ce9a6fa7,850,PB306,
eff1b2c9-4d8a-4240-8c78-27e715fa258b,fc5521d9-9175-4c32-858e-d909010d67ce,860,PB306X,
5e4765ca-e9d6-4412-9139-811020fa74d0,c36bfb85-6495-4b02-8b02-ba9912547dac,870,PB30A,
5397aa95-da91-4991-87a3-25186cd64ddf,507ef486-2f52-46d4-a48c-79d24d450456,880,PB310,
17e29bb0-9951-4098-9bd4-0b3172fd4e79,72ed2a33-dcbd-4301-8456-517b571c64e8,890,PB310X,
1b41efa6-cecf-4d2a-9893-3378e1bccd4f,2ecf5954-2149-4360-9ab7-cf1f2e0659ad,900,PB316,
be268edb-cb36-46e3-8a6a-ce269ebed5d0,18997b15-2d8b-45dc-b2fa-bbb19cca35ca,910,PB316X,
12f2a15c-85d4-45ba-8e9d-7610a7e15061,9603a6bd-3756-46a8-8def-df58e78a1f25,920,PB325,
0fa4afdb-2f47-46af-b607-10bcbae19479,167b554e-746b-42db-8f4c-132ead32e62f,930,PB325X,
80031a0b-e581-456f-aaa5-0c6738fa3009,184b49c7-3198-467c-af48-20a5338ae342,940,PB335,
0e8964b9-3fe7-4c92-8425-a8ede73bc077,82a8e9aa-ec88-4bfb-b196-e98bc90d73fc,950,PB350,
5cf640e2-da23-449e-9bff-dd22a96a8439,f2d5d826-8f02-4780-bb44-33f2c99bf55f,960,PB370,
d6a47d9d-6347-4da9-a1d5-eaedd6e5f8cc,ec78840a-5da6-48fc-97e6-95a7e876ae0e,970,PB395,
c35e6331-7fb7-429f-9be1-c2f56892b270,ec409674-50ae-44c8-a261-e656b03f1a59,980,PB425,
c279dc84-5d13-478a-95a5-0e61684378e1,54a944c8-3591-46fe-acde-49a08ea4c25b,990,PB450,
256e0433-e1cd-46c4-a8e5-b8de7f45cf58,b017fe59-7e33-416f-909d-f1ef0d610257,1000,PB495,
ef59bb94-30a8-4d49-9073-d102c9b21bd6,d7e9464c-fa2f-4cd3-93a7-5da4a7b18a63,1010,PC203,
34cbce25-07e2-46b3-b1ce-abfcac2b4c36,8aa5a0d1-4c19-4f78-a641-c11e10691afc,1020,PC403,
7116600e-621d-4942-a584-ebc5bf09bd3e,b7473853-fd7a-4680-ba90-da88a26440ba,1030,PC603,
917e5f47-6ee4-4572-aafa-965ac2f1eea3,2df1ab70-71fb-4cfb-905f-368a2d9dc191,1040,PC803,
2d831053-a318-4c16-b6c3-6ab6d8dae0f3,a6f79848-98d5-48c1-b7d9-b3c495a5d10d,1050,PCA03,
00b1a5e9-c6fe-45ce-9ecc-c6cbbd6a9f4b,6734173c-13bf-4b63-8378-f169ba1e3549,1060,PCB03,
8d13fffb-3d3a-4f72-8656-0425c3e79da6,782fd4cb-e1fc-4ea7-bc0c-861dcdd97d8a,1070,PCC03,
f3048be0-e33a-4305-9bd5-cd76174db8f9,a064e2d2-de5f-4db3-a61a-494a5b6c7ce9,1080,RU12X2.5,
ab935a15-9738-42cc-ab6c-bc3a1736400f,ddc38c8a-5f0b-42af-a8f3-d11b5c552705,1090,SOW506,
c2f0b2d1-4557-4660-ac75-dfdade259d0f,776ad4e1-7382-4f26-ac79-d3a6b868c1da,1100,V-DCN 514,
e4e470cc-999d-4c41-96cc-44f9b4f1197c,2247a1c2-72ff-46bd-b6ff-81e626aa0670,1110,VENDOR-02,
b8b33976-952c-42b0-8a4e-bf4dca5d436c,9649e980-b3a0-4556-b279-9aee9c637d14,1120,VENDOR-03,
753b2d1b-b6bb-4201-aaae-25ff589927ad,27ded5fc-8a72-4056-aeef-121fda6dcf0a,1130,VENDOR-04,
105c0eb3-9f59-475e-8009-c65e9a5a8450,9ea1d14c-3862-42e0-b0e0-79284b3b9175,1140,VENDOR-05,
104fd9e8-e204-4876-b361-29f6f7035547,77e5ea96-9019-4b2c-809c-c0a58fd643fb,1150,VENDOR-06,
aafdcdee-5d2c-4ad2-8722-6567cc222c57,71be61c9-26dc-41cb-ba16-0ee1d2f2b747,1160,VENDOR-07,
b23a506f-f013-456e-bd06-80aff2702f2c,55f85a53-b132-40ee-885a-f30897d0b867,1170,VENDOR-08,
93b857d9-78f7-4421-9498-f0fc1469a0e4,491a9449-f0a3-4f0a-b39b-6319075e96e4,1180,VENDOR-X1,
d321dc67-c7c5-4769-946d-38d2a4370172,0e1d6ebb-4fbc-45c3-9bcb-6b5245c83304,1190,V-IAF16,
d42908ed-a9a8-43ab-a5bd-feb93a5b071c,962f0a65-f691-4a40-8b2b-b495777709ec,1200,V-IC01-01,
c6e237c5-125e-418b-bac2-d9ab9bf39fb0,78616d8c-869d-40ca-adf1-35a52c15fbf1,1210,V-IC01-02,
2aeeb3fe-a09a-4fc7-97ef-e982f3f7c50a,6a939ed1-2842-4b96-9abe-d709cd6dd777,1220,V-IC01-03,
f03bf9f0-18e3-4b88-bff9-d8ab512a820b,2685dbee-ee31-4688-ae3c-48d6b6d7c7e7,1230,V-IC01-04,
2283c240-2dc7-419e-953c-6f9c33539bc4,97e5d30b-df0d-4790-80af-d9e939d1adcd,1240,V-IC01-05,
507bf1bb-c030-404b-885c-55d450dba715,fc32d7ba-c483-4b28-b0e5-33a027487b73,1250,V-IC01-06,
90cb9e81-6fd3-4ff2-9174-683c2555c64f,0072cbed-0168-4b20-baed-bb1573463788,1260,V-IC12A-01,
08acce99-3faa-443d-af2c-a29fa07a2553,ad628842-9872-4503-9644-dcadbe01d4d8,1270,V-IC17F-01,
c4a28878-5718-4a82-b6a0-11603a6e0624,581a7f07-09c2-43a1-ac4c-6dac5f7cf584,1280,V-ICF16,
10de2c31-3a19-43b5-bc53-0e1d3ec32143,1d17f20c-98ae-4d64-8670-00d190512375,1290,V-JAF16,
5f069bdb-e567-4d84-8c45-2cadc21e6ed1,b016c17a-d0ae-47a0-abc7-e66e4c6764ce,1300,V-JAG16,
d8e55914-111e-4552-ba42-12784ff36d7c,2f432109-b925-4ec1-8d1d-91899917618c,1310,V-JBH16,
ac42fd87-3846-4ef1-91af-df2a942c3715,144cb3a0-0dd7-46c6-ad99-8e2c53ce76c5,1320,V-JDF16,
56893ea8-76f9-41ac-b031-cdc08a83588d,8aef7367-4e27-4fd7-943e-cc27fd80ca9e,1330,V-JEF16,
4167049f-6e0a-4670-8a85-3e8107baba73,efd04b41-6602-4f2e-9113-af642c00d0e0,1340,V-LC12A-01,
254d4372-a63e-4124-a633-66d09710fc5f,ac757002-6847-4bc1-bf86-3bb128a74949,1350,V-PC203,
c29fef8c-2d17-4a22-8da2-f37a64f56234,2497a8d0-4af4-405d-9b4f-d6a9463236a9,1360,V-TE03B.12-01,
26a55935-5a2f-43ac-a257-ef58002753cd,72d8b001-a886-4106-a765-5aac1234c963,1370,V-TE03B-01,
fff86bba-325b-44fc-9d5d-f5cb66029404,a276ed12-1ef3-4aeb-ba11-b5078881a2f8,1380,V-TE03B-02,
4bbe4073-bc9e-48d6-b9b4-7e5458e615a1,6d0607bc-b0e1-498d-b04c-d4c90ab97936,1390,V-TE03B-03,
7ba7d1e2-46bc-402d-8c3a-86aa616e5390,582c6826-c74d-4197-baa1-2c52ae318ca9,1400,V-TE03B-04,
8445a698-a4d4-4a9b-859c-5d94b6aaad76,495c44bb-3939-4336-9fcc-7b4cc5f4efae,1410,V-TE03B-05,
5b0cebab-8af1-4722-8529-b04be49588ec,c34cd286-c45d-4a7e-8def-4e06efe8956d,1,1,SYSTEM 1
996ba88e-cd0d-48bf-bb5c-67b1e49ce6b6,a4d38278-0f89-4855-b957-9e1bb8ba2bde,2,2,SYSTEM 2
6e2a647d-233d-4d09-8c92-e3a79a070a59,ad3516e6-b3d2-480e-a95d-e1a2316f0451,1,TYPE 1,CABLE TYPE 1
cfcdac20-5b54-45e4-82f7-3dd42a7f0648,5a89b88c-b6ce-49fe-88bb-1acb16c796d1,2,TYPE 2,CABLE TYPE 2
9e18019c-8df9-46d4-8d31-4e7a9ddd3e30,6d5d29f7-59c3-4b6b-9dca-8b10308e0762,10,SRL-3-1-CR,
b7011ff9-63e0-4ac1-a32f-371a3ec5288c,caf35bc7-d935-4df8-8020-4dc3526cb356,20,SRM-15-2-CT,
faf4cb0f-8a68-4f58-bc5f-546a2492a9f6,8e76657b-52ce-46e7-bd0b-c843954de74f,30,SRM-3-1-CT,
53787d91-b557-400b-8366-1a82227ed8cc,2f0481bb-a400-4ad8-814b-89cb854a9963,40,SRM-5-1-CT,
8c6a9b4d-16a3-44b0-858e-5bf351f309c6,76cd16fc-1f54-4276-9e72-6abdcc093396,1,DIRECT,
e4b2240c-4685-45c5-b4de-e2c91c2ccb0a,6e5238be-1b40-4940-9304-d8b909189ee0,2,GAP,
f9b2326d-9460-467c-9e30-16a5f0520d00,b5fb59dd-113b-4618-8254-8835521aafda,3,REVERSE,
f04f9147-f3ea-454f-8e62-ac5771871cbc,5989bd1e-5fcc-443c-a047-923813023376,4,N/A,
fac81cbf-c432-4c28-a973-87987c3630fd,7c1827fb-8971-4549-b8c2-9b34a79acab1,10,DIRECT,
8b6e182b-c22e-4824-86f8-399782d0e163,98d0906d-324f-421f-b0dc-9eb225620cb4,20,GAP,
ff55dfbe-9657-474e-bdef-df643788c442,af896e98-1443-46db-894c-f06b6142bcef,30,REVERSE,
a3c28d0b-1e75-44ee-863f-20b424ad0053,f2117bee-7159-48fa-ac18-52bdd6f1e7f9,40,N/A,
87feebf4-1403-4f2e-b055-4729a527a053,620408d8-de7f-4231-9ab4-81d95dc3a897,1,HIGH,
07d8f48a-df7e-4138-a391-6877ab3e8db6,25572a04-2c21-428a-8ba7-0b39fbd45546,2,LAST,
a48c9d19-43ca-42b6-8668-9a23e8e986e4,b33d4789-688b-4b75-8a4b-0380f6dd5bce,3,ZERO,
c4c0cff9-6a23-4b6d-9dd5-858e782024da,521e6711-715c-4397-af68-145f477f855d,4,N/A,
63d773b7-fefb-40a0-9940-1347900977f1,970c1dfd-5c96-480e-917a-3b9ad61f1aee,10,0,
d3eeb6dd-a0f4-4105-a55b-94774d811abc,704b6c91-41de-4530-b863-2bd5f73b8df7,20,HIGH,
e188d7fb-6414-4f88-8220-23b3eff31706,17da2fd8-2dbe-47a0-91d8-17a96e6303f5,30,LAST,
bb209fe8-70f0-4909-be04-6e481d4fd592,d28a49cc-3fb2-4e32-bd42-9c7528488d11,40,ZERO,
0f3d33c4-6bae-4675-b6ae-258b8f5e41be,08929d3a-9d20-46df-aef3-703d8159bb4f,1,OI,OPERATIONS INSTRUMENTATION
f3f286c2-ad87-40e1-a792-51a80643d287,193d1fa7-c5ce-4a30-a27b-74bd4477cc9f,3,OL,OPERATIONS LOSS CONTROL
dbc683db-e1b5-4e5c-b5c3-55769c14cb9b,cb142f03-e35d-4498-886a-5fc493b85d56,4,OM,OPERATIONS MECHANICAL
1c3fe249-2187-4f67-8b2f-ed6f9dc42054,bc8ce239-3926-41d3-9ba6-a4f799907ff3,5,OP,OPERATIONS PIPING
cc401530-6d4b-4ec9-b8f3-249fdf5832ff,000f8e07-f71f-4b80-9944-c0ab08203b10,6,OR,OPERATIONS ROTATE
9af55454-fb5b-4881-9503-616525b49ff0,8128bd8e-b087-4c93-ab8d-eeed1b6eaa17,7,OS,OPERATIONS STRUCTURAL
75c6b900-6214-4d54-86fb-ffd43ee601d1,e8973fa4-0ce0-43eb-95b1-934fbb4e9ef1,8,OT,OPERATIONS TELECOMS
9fe358f8-f4b2-4409-b644-dd9ed5b87c70,310f07e7-1f9d-4abf-953f-171b9ea6456b,9,SI,SUBSEA INSTRUMENTS
b0d8de88-c524-4d5a-ae91-c42899d56027,c2e10810-a795-49ad-902d-f2e0f084779b,10,SM,SUBSEA MECHANICAL
c1c9bb09-baa1-4f1c-bd9a-32d4dd6c4b8f,6d5d2e89-b633-4dba-826b-17f837272df7,11,NW,NEW CODE
6d481222-86b4-41fa-91cd-83112734bbbb,dd838c57-896b-4929-bc02-9e08e9e88c64,12,OV,OPERATIONS VALVES
7577b895-57fa-4358-b46d-a5d8d502d41f,2ec0dcb6-a4f7-4e83-ae13-1f0c0bc9b1b1,13,OE,OPERATIONS ELECTRICAL
ebe76684-fa87-4b36-bcf2-8c9256b7f6b3,4a33ead0-4213-4411-b943-1fa3948258ab,20,OI,OPERATIONS INSTRUMENTATION
79b8ff43-357e-487d-bce7-4317da1bf37d,2886af60-a6c1-4efa-b3f7-71c223f5fbd7,30,OL,OPERATIONS LOSS CONTROL
22c99a61-2147-4ac7-bb02-32cf3a007d9c,3578c700-8820-469a-b5bc-2d049742c627,40,OM,OPERATIONS MECHANICAL
d2da6131-b64c-45db-a929-4ab30e0ff710,d2c095b8-2fa2-4483-8268-b36e39697081,50,OP,OPERATIONS PIPING
c1f29683-117c-4a63-8f9f-6c810ecf7c43,6e02cfde-55af-44c6-b09e-b42c4543579c,60,OR,OPERATIONS ROTATE
d2c51ed9-7a53-41d3-98d7-93dcf994fae2,c3546f3a-1378-4c2f-ae3c-a103620ec0f6,70,OS,OPERATIONS STRUCTURAL
15ee28e4-9349-425a-a4ff-17344606aab9,21cf9ab8-fa79-404f-a462-c705e0d7743b,80,OT,OPERATIONS TELECOMMS
148685df-bdfd-4631-937a-fed640aded0b,d3e53609-0179-4b3a-9b98-aac7a027776d,90,SI,OPERATIONS SUBSEA ELECTRICAL AND INSTRUMENTATION
21c52424-e121-437f-881d-0e4e993e5a4c,c2534ea3-3f8f-4bb2-9741-c392a7dba7e5,100,SM,OPERATIONS SUBSEA MECHANICAL
846aebea-fc18-415d-b2ce-03bcc37659b8,1ff56aac-dff1-4a32-bc12-dddf430a6956,110,PE,PROJECT
ab33ad55-b8a9-4486-9ff6-7e5b85b14269,5f23c4fb-75f5-48c5-babb-8e24293ecfdb,120,OV,OPERATIONS VALVES
f2f951ba-fbca-475b-aef4-bf63e591b8b8,6ff5f4d5-d8e1-4fff-b2ec-6bc77cbc5844,4090,BR20010706,
8d6e55c2-a65c-45b0-af7a-4d2fc46972ab,c622f590-0d27-4e48-a729-769a318af35a,4100,BR20010710,
c67f0e91-8c69-430e-a6eb-5b96b503548e,0ffdccb9-0a53-45a6-82dd-1ddd49b5b685,4110,BR20010713,
17492ad4-a97a-445e-9c5f-33696b3f5ba5,4fedb9c9-ad6b-4304-975b-038c30b4c175,4120,BR20010720,
e7a34772-91af-482e-8e2f-2707cc5b07a0,605093b0-1f17-4e87-9cd3-6974851c3584,4130,BR20010727,
8297faad-761f-4313-85a7-74c4d5389229,221f4672-6ebc-4ae4-bf3d-2324cafac7ea,4140,BR20010803,
4aca3883-5f62-4459-9705-7df6f9ce4209,0e7e4de3-95e6-48f8-b153-6239e1a47c54,4150,BR20010810,
ccb35ccc-d184-483a-bb34-6a64190da74f,73be128a-ba8a-4fbd-993a-cbd9fed136f7,4160,BR20010817,
8334d0e6-81da-4823-8e27-3585c147638c,1b0f56e6-940d-46fc-ba0e-33ae6791184e,4170,BR20010824,
b68549b5-5df9-434f-9369-d15df8f0153f,12ae66c3-ffad-4df7-875e-cea23565bff0,4180,BR20010907,
76bf5457-3265-471d-97e7-594ec1e22a18,d6defb7b-cffd-4f01-8830-bd2cc363b940,4190,BR20010914,
922ec7b1-2bf9-4b54-969f-e05522dcb018,cc826a72-58f3-4bac-bef3-1fa4db2511e3,4200,BR20010921,
09b02903-fa04-4a65-ae57-c488f540dba1,88f4f32e-77bd-451b-af59-0194fab93d8e,4210,BR20010928,
4ec18d18-5787-4df1-a2df-e8d4439e545c,5877bf67-47be-4e80-9d29-d5433bb9900c,4220,BR20011005,
eca03667-c37b-4369-b13b-372ae9ba2b96,c3542c34-1991-41f2-bd1f-1706d235cdc5,4230,BR20011012,
0b1233db-3e32-4b47-a67d-316b50fd6a1c,59a6170e-2327-4278-b1ec-be6b9d3f44a3,4240,BR20011019,
c1e8979b-b63f-4444-980a-0b0f82370692,8df5f725-da6f-4bcc-ae2c-9af1e58a2585,4250,BR20011026,
82f647f3-9d33-42fe-a8c5-8bb6a7118fe5,4a24d4a4-425e-48f4-8034-8545b650582c,4260,BR20011102,
8f1fbcbf-9fc0-4bf7-a96c-10bcf459ec47,b7cbb9d9-ec24-41e8-8720-d6d58326e71a,4270,BR20011109,
0bc55fbd-d76e-4eea-adb5-9e1a6c791518,0d88cbb7-c1e6-46ed-a76a-a9d8cd9ced87,4280,BR20011116,
87f94c76-a021-4342-919b-2ccbdaa405cf,a2568b78-136f-467a-8923-c0339439325c,4290,BR20011123,
a10ba690-6265-47f5-9c1c-82cfc7b011bd,1bdfea8b-0708-4fe4-be82-45aaaa4506b5,4300,BR20011130,
14702fbe-d4bf-40e5-8f6b-c430d784e04d,29540ff8-4f7f-4dad-83aa-d37e37b44101,4310,BR20011207,
61b06397-8294-4bc2-aaa9-00c2994dfd37,2dcebf7f-585b-4ea7-a57a-a30292481e37,4320,BR20011214,
e192a60a-ad30-41b2-b285-7fb1cf5e9486,61421f10-d4ee-4bc4-aabd-c3420600fa08,4330,BR20011221,
ac20f14d-798c-4ae2-99ab-b1287a00a6eb,aa460a02-7d3c-480e-86e8-7271d7873287,4340,BR20011228,
e37a478e-24dd-41a1-b621-3d55e677f133,95689c59-f846-4db5-99ca-5ae0312c77c1,4350,BR20020111,
d4a2f4ee-4a36-44b9-92f3-b64cc092a934,5296789a-0f62-4939-a6d0-50506444d8f7,4360,BR20020118,
14ecf8bd-350e-4f43-9571-61b8ae29c3d3,d92bfb68-ff27-45f1-9501-fb4dfefe2233,4370,BR20020125,
f63b1614-52d3-43a0-b934-d5de8f66d18a,811140fb-2407-49dd-acf9-48c942d02845,4380,BR20020201,
b78e9df3-e6ec-4733-b0ab-875caab414b8,aee7342a-dd9a-4f5b-acc3-2d1e8141ce40,4390,BR20020208,
2ef4e8c0-7d7f-48f8-a75c-ef70fdc575ef,791ff456-d322-47f1-8cad-d33b60825bca,4400,BR20020215,
3a555354-2f78-44d1-90a7-3ee908fe7c7e,fd130bc7-f313-4805-9db9-0e6ec5a472ca,4410,BR20020218,
b473e7c6-307f-46f7-a4d6-eb771f32ac85,11627c98-4687-426b-bedb-1f8edf0376c4,4420,BR20020222,
ce9fd62c-d38d-43b0-9d15-ec555876fd30,bccf8f9b-c6a3-4b88-946f-3f136ca0e18f,4430,BR20020301,
83f24733-ef03-4cde-b828-e3e83f55acba,0ccbc6f7-2972-4a4b-9557-2afee98967ec,4440,BR20020308,
bd9d1ea2-af68-4fcc-8147-0ad199b585ea,9ef483cf-9614-49fb-b3ab-29dbcb67155b,4450,BR20020315,
e6dbd331-cf10-401e-bc0f-05223965bfa1,3ac0f8b3-b391-42bd-902a-af0cd6052075,4460,BR20020329,
4062b4cc-2c0c-4f90-ba8e-51b7ecb16934,66137d54-584d-4f09-a88c-693602aa1c13,4470,BR20020412,
e5c4b3c0-0c9c-4993-9fff-be9deb675ca8,54bad20f-c0bd-40ea-9348-3261015940db,4480,BR20030516,
018ddfbf-e2ed-45dc-a2e5-6afd7d78292c,5d2c007a-5c36-4525-b622-91eb23c2d933,4490,BR20030530,
caabffa0-67cd-4747-a226-b9b22d9cb17e,ed2ff612-e092-4685-ad61-67fd75e1a978,10,PID,PIPING AND INSTRUMENTATION DIAGRAM
782cb96a-816c-4b70-9093-2c8af15a94ce,5932529d-a08e-47a9-88f2-4d28080b423c,20,DATA,DATASHEET
cd735fff-170a-496f-b427-54d6c71da20d,58f8ff03-ce91-445d-9a3a-2bc24ba25f38,30,ELEC,ELECTRICAL SINGLE LINE DIAGRAM
055e5f43-383a-4f05-b46a-13e837829172,29296632-9498-43bd-abb0-05363a8bffc0,40,LAYOUT,LAYOUT DWG
f11635f5-1de5-4cb3-ba6c-c8bc07bb27de,d7aca53f-7201-4ab2-93ac-d0fd7dee261f,50,LOOP,LOOP DWG
3a2e6cf2-17e6-4a0e-8024-0e5036d95528,79f93e72-69c3-4d08-bda7-4cd8bcc2c5b8,60,ISO,PIPING ISOMETRIC
4be0a4f1-bcb9-4235-ab0e-e18e69fecc84,c052024e-1cf1-49f7-a73e-7eb321289852,70,O&M,OPERATION & MAINTENANCE MANUAL
4d2ba81b-a21c-4968-a441-ecc7e998c6d6,054aa84f-51e4-4836-86ae-f2e30e676b35,80,SCHEM,SCHEMATIC DRAWING
5e38038f-76dc-4438-b7d3-56844963dd45,76453167-6192-48a8-85b9-06e5cfc798db,90,ELE_TERM,TERMINATION DRAWING
7f4ee6ad-6fa3-4fd4-8149-fe3304d9b3b9,a9ab71d1-4a9b-44eb-b5f7-061f7f2c4bbc,100,VEND_MIS,VENDOR MISCELLANEOUS
1f86c280-3a18-460f-a430-14c4d4550619,9a523d41-e322-48da-b0c5-4ea6d227a36b,110,ISO,ISOMETRIC
c5d5bd54-83a0-4c87-b73f-2374c59e48cd,792cbf47-1179-4e80-938f-af2a9580d432,120,MISC,MISCELLANEOUS
d073096a-6632-4086-9341-ca91ff396b97,86c649a3-363b-4e47-86d5-08ed084038c8,130,FR_DRG,FROM DRAWING (CABLES)
16e3482f-b7fa-49dc-8a5f-13eeab00269e,de699506-98f0-418b-ba90-367c289a5819,140,TO_DRG,TO DRAWING (CABLES)
f5a3d778-1d25-4331-a221-5fccf677d969,a8b5e0c6-113f-4d17-b302-e3d6a1fe59a2,1,1,
56e53e7d-dabd-40a3-ac20-820298e50bde,7ef0c0e7-225e-4426-b6b0-06fe9b65408a,2,2,
56876765-dbfa-4d6b-853f-1f72615a36fe,7009aa2b-62c3-4ce0-81ef-a1f3dce29a99,3,3,
6ca05f97-99c6-4aa2-941d-d1aa8f39841f,f1930ed0-88d7-425d-b30f-544bdc26080d,4,B,
88f16b68-bfb6-49d2-a3b3-97b81432d9dd,9f9c11af-f2d3-44d1-a0e5-e5a75819d743,5,R,
5b8fc985-d274-4848-bec3-481a071dec5f,72d2d576-9cd3-42a2-948d-2d20fe327ec9,6,Y,
628a8dfb-f2b3-4eaf-b2a7-eb5d02cc5240,feb5dec6-ffff-470c-90e5-5fb067fec4f5,7,N/A,
8e075041-aaba-477f-aac3-738d442829e3,fdf5d532-a416-4572-9318-ba792243a6a6,10,1,
240b6862-dfc0-45ce-a0ce-0adbab4a4788,b39ddfda-3cbb-4ad9-b75d-ae4f6b26b073,20,2,
9cccb23e-d485-45ad-a91b-1d74dfc31faa,d50e51e0-8a34-45d9-8621-7891331cac80,30,3,
5d6889fa-6f90-4881-92c3-dd8e0d4c1aff,d01c51b9-7256-4c61-ae12-5e6fa4fdd217,40,B,
c17a8371-10a7-43e5-a26b-b33ea431a8cb,5b1b4e82-6908-477b-b47b-cb8292dabdf5,50,R,
9acf78ab-a82c-45d0-bb25-ec9f0fc6960e,a54d54ab-3594-4735-a589-2b2e78d9fe12,60,Y,
f51299e0-ac7e-48f8-88d8-d276a79f62ca,f610b540-4808-4f37-9527-b0b4185c4747,1,DH,TEST
30085e36-d5fd-4338-8a8c-3c0f79545a1a,872246bd-6d77-452e-8418-0600697e66f0,2,DL,TEST
cf973753-f0a5-4ef1-a568-b42ca815d552,128b75f7-5ff1-4811-98d0-91ffca4fe7db,3,FC,TEST
80a0cca8-5bf9-4985-ac0f-c502b78b26ab,eba02a83-b38b-4daa-a66d-30ba60eff147,10,DH,
8e23298b-ad9a-453e-8528-14d24de777c7,f2551d39-8494-42bc-8702-784fe1c8d736,20,DL,
72a4990f-2b53-4ff7-a539-b25950a01596,2559906c-5965-46db-977a-b0ed9f26626f,30,FAIL CLOSE,
91c96a58-d4ff-446e-b9e3-feab21351012,900b02e6-bf3f-43b1-80f7-b5e5b654bf52,40,FAIL HIGH,
965d63a8-4737-4c90-b427-6158709e4a8b,6457ab2b-0271-404e-8c0d-a77b8b8005d0,50,FAIL LOCK,
d5e28963-ed83-45bd-9602-e19b67cd066a,ac0eeea0-1304-4f0c-a9a5-c68f563812f8,60,FAIL LOCKED,
ba1af96d-5b03-4970-a706-f7a2057e09de,f0f7cdec-1d24-4d2c-bea2-91bac3903319,70,FAIL LOW,
30559d4f-9c00-4d93-ab0a-a76783ee10eb,5920b39b-49e6-4366-89e8-b12d82299d46,80,FAIL OPEN,
cb58d600-9d6c-4cf7-9478-5c2edc0ebb79,0422387f-909d-42f5-b75d-dafd40b8f2bf,90,FC,
070f9c98-7d2f-4c4c-b431-971974d7a440,b4095ff2-19a1-4363-a809-35cf855e33dd,100,FL,
5bc8bea8-c570-47c6-a9c6-dd6c14acd2df,aaa9d6aa-bd2e-42a7-be2a-445c4eae269c,110,FLDC,
22d8bdac-1ac6-4311-8eab-0559fcce4283,97085758-a93b-412f-9b6e-8973b1f362be,120,FLDO,
1e9af281-3dc6-4b05-8fc7-a4d955a77428,52351467-f0da-46c9-b141-7e4073d958dd,130,FO,
c2bfee6c-60c2-48af-bcf2-fa74737eac0f,f2488a3d-3002-4b9e-a1b9-297298d3a228,140,ZERO,
8623d68f-91ae-4077-aa75-ab9801ffd5d8,6759652f-c8af-4c6d-8bf4-6c53fe760720,1,21,WATER INJECTION AREA
a7e8b5c0-5912-4649-bd79-1dbd5bc79d0b,3b4986cc-e1a7-468b-8928-a69229422d15,2,311,AFT EXPORT AREA
9c0caeaa-a7be-4065-b384-dab5c1f9e510,30240cff-fa7c-427b-a254-490fb4285068,3,312,AFT LIFEBOAT AREA
60f332c4-7914-44d9-acfa-913351370acb,fbb88dba-f06a-4835-abe8-f5a7f55c8042,10,0,PORTABLE DEVICE
390f96ea-cd25-413d-aa48-f3aa3c49e1b1,c2b9cfb6-4d72-4a49-8dc9-fd0935e291b1,20,21,WATER INJECTION AREA
8dd67452-1db0-4807-874f-3beaa4f1f061,bd4e2266-a88e-4712-a81e-30ee4313adbb,30,22,CHEMICAL/WATER INJECTION
0116f35d-7ddd-4b05-a8dd-401f29046d5c,5f21e742-2e6e-4108-a82b-214e3b8c0b4a,40,31,HP1/HP2 COMPRESSION
9eed419b-c2b5-455c-bc55-d5803312d9f9,608e8bb9-2f89-409a-9fda-0083ca7a94ca,50,32,MP/TEST SEPARATION
e1e14253-f351-4b94-adf2-a139ad54c56c,793fae78-c82e-4cc9-a77b-92eed9ecc739,60,33,M03 INSTRUMENT LER
30d7bab5-7321-4e8c-8c32-4ea2a0ce018e,a9b0bdb0-5409-4890-bfc0-01bb7c7dd0ce,70,34,M03 SWITCHBOARD
8e55f626-3d8d-4edf-8ad8-7b6770380355,c2352a2a-f049-4e98-b6ea-ecae9e80ead0,80,35,M03 HVAC PLANT ROOM/ROOF
0700379d-5869-4753-ad71-9fe459494426,0fdd97b8-8886-4066-bec4-5fe3448b85b3,90,41,PRODUCED WATER/GLYCOL
dcd70691-ab59-46e7-b582-8332bd496bdf,11a16fcd-db59-4a15-bbe3-710c7819468a,100,42,HP SEPARATION
d87c9790-2e47-4119-b04a-70a5e222deac,63cbabf6-4cf5-4cb5-8576-5d9e722511d3,110,51,M05 INSTRUMENT LER
c2900dda-39b8-47b4-a59c-0aa4a5734305,34bbd280-3a0a-42b5-a392-67b7b262f7cb,120,52,M05 SWITCHROOM
b8956e64-b19e-4e34-be70-0990a2e171b4,95a763ed-a38f-4862-8267-b7a614571dc9,130,53,LP1/LP2 COMPRESSION
f05da9db-d208-4c51-835e-a925f1ddb10c,c705b289-e660-40e0-b4d6-33887b783c49,140,54,LP SEPARATION
9094b143-c101-4ee5-9f71-20498f20f7f2,5858713f-5c9c-4528-a595-53e726727660,150,55,M05 CRANE PEDESTAL
99d8cf5d-0754-497c-945d-2f2bb7730512,a9dc5f54-55a9-4ef6-b9e3-e25a27a968d6,160,56,M05 HVAC PLANT ROOM/ROOF
58a131f1-b6c9-46ba-89fd-d1e889ab5433,a7991774-cc53-47fe-8b50-9be00a76b72f,170,61,T06 GENERAL AREA
853b9101-274b-439e-8c82-4c0e4a48d038,1d97f32a-4315-4fd8-836b-6d46508f5f88,180,62,T06 CRANE PEDESTAL
097b4568-35e5-491e-8538-e4434f563b99,345722bc-0fdf-461c-82e3-36ab2cd259a4,190,63,T06 FLAMMABLE STORAGE
145659f3-1fc2-40ac-becf-dbde35b07b1e,eb9eafd3-fc04-417c-a10e-a3c88ede3194,200,71,MAIN POWER GENERATION TRAIN 1
44104123-70d4-423b-9683-fcdbe0397ed2,084f2d89-eac5-4021-a828-ff25c2b534ee,210,72,MAIN POWER GENERATION TRAIN 2
f91205b8-256e-44ae-956f-3daca8fec4b2,0b7bb7c3-dba9-4774-9b59-0796b2107d92,220,74,T07 GENERAL AREA
64064c4d-e821-451e-a9b1-182a76d5d803,3d57ede3-b050-4797-9b06-a7cc7dc32611,230,75,T07 CRANE PEDESTAL
e90ef497-07d0-457f-bf29-dd13ae3538e4,7e01f6cf-9835-45f5-b341-c4c15f464fd1,240,76,LUBE OIL STORAGE
2b4a2ba6-7494-45d4-a7eb-695c9142a04b,6e1f7f3c-eca5-4858-87a8-e89b337bb24a,250,81,FLARE/KO DRUMS
71ce6331-f653-497b-8021-dc28ff936885,57d3f1cc-e626-46e3-9bc7-ad30f2837486,260,301,MAIN DECK UNDER M01
ab5a495e-cb35-4646-ac8c-45d51c57b4ec,88855b5c-fdf0-4cf0-985c-74a2c49bf487,270,302,MAIN DECK UNDER M02
912bb50f-4851-469d-8d92-ea5d44bb4244,c5d64675-016b-4d48-a609-6e8c65ea96f9,280,303,MAIN DECK UNDER M03
19d65841-2e48-447b-bf45-4d4ef2d15f65,136ea270-eeb8-4355-bcb1-e381dbf9456c,290,304,MAIN DECK UNDER M04
423e3044-9e8d-4df1-aa43-0477054b39ef,3ee0b7e9-2e85-47a7-bcfa-78a7e005025c,300,305,MAIN DECK UNDER M05
a3d284f5-b256-45f5-91d8-4e534f827800,cf8794db-9bd9-4856-961d-01a8cb1da57c,310,306,MAIN DECK UNDER T06
eddb7bb2-0660-432b-b173-8ce0f12a727f,3d1a0269-0fb4-4d55-a714-32dcc4c471c5,320,307,MAIN DECK UNDER T07
8d0ecc59-1e39-4170-a776-6f1e310f31b0,323fd849-bc26-4310-8337-d59ed9164fa2,330,311,AFT EXPORT AREA
4f4cdd7f-d570-4c65-8812-116ded116f8f,2fb851dc-0d47-417d-a61c-800ba5e3de7e,340,312,AFT LIFEBOAT AREA
5800ce2e-aefa-4fa1-b1d9-0dcd7e4102c5,fff217b8-5a9b-46d9-a7da-2e1f2c1b7aa6,350,313,CHEMICAL STORAGE BUILDING ON POOPDECK
ee1f44b1-d5f7-4da6-8052-db9d2f8ceda1,e52fb81b-376c-41b7-8475-2bcfb8a1f4b4,360,01A,TURRET EQUIPMENT ROOM (TER)
3ed6482b-b4d2-4fdd-be93-f88a865ff59e,0369ddd1-c998-4d43-a25c-6d33add9ee1c,370,01B,OIL-BASED HPU
9da251d2-1c4e-4544-847e-a8bc4f0eb9a6,032a7960-2728-456b-a9d3-481897983737,380,01C,WATER-BASED HPU
a51ddb20-a45e-4cf7-a98c-e68d243b7664,ce5e7a52-3763-4303-9580-7d96d993c2a5,390,01D,TORQUE TUBE
edb15077-d270-436e-a553-bed77bf941cb,deb5ca95-c537-48d7-913b-b4a0ae72ecb2,400,01E,"STAIR TOWER, TORQUE ARM, TOP OF TORQUE STRUCTURE (ABOVE TORQ"
1f2a163b-95b8-4a75-849d-8ea2d56060fc,27a98862-d646-4083-b493-0b93fc079f3d,410,01F,"DECK AREA (03 LEVEL, EXCEPT TER, OIL- BASED HPU, WATER-BASED"
215cf5b9-cce9-44b0-b295-cd5b3904266c,c7827f1d-5bf4-4a75-83bf-e7aa82668030,420,01G,"DECK AREA (02 LEVEL, EXCEPT TORQUE TUBE)"
c17be02f-292f-4c74-81e3-aeceaf8f6fce,3a116b69-fb27-4c64-9a50-f577e046896d,430,01H,DECK AREA (01 LEVEL)
6f29d209-7f17-4cf1-905a-aac0d0e7ccb1,9fe4f53a-3d93-4cdc-adca-4774bf362efc,440,01J,DECK AREA (BETWEEN RISER DECK AND 01 LEVEL)
4f9b9cec-af9c-44f5-981f-1e4c0f8ca15c,403df02b-4ff1-4a63-aa78-c4dbb4a62efb,450,01K,LOWER TURRET
40422b68-c3fe-4e8a-a3f7-dae692e9cd19,edf25054-77f2-4315-8caf-18e849e965f8,460,01L,QCDC ROOM
04cc1b32-31a1-477a-83ba-0b885efb25d5,c285497d-e2fa-4ed5-843d-12e6b66cb5fd,470,41A,PORT STAIRWELL FORWARD
bc3ac8a0-13b9-4db1-afca-a63c8e0e0344,2bb9329d-64ae-423d-9e86-7ef439f88591,480,41B,STARBOARD STAIRWELL FORWARD
76547e8f-87b1-4952-b8ea-b85a8811592a,0f4368f1-1196-4048-b81f-82aff087924a,490,41C,PORT GENERAL AREA FORWARD
17d6eb14-a30a-4f10-8a2a-ec56aef8f166,5fef214a-0c7a-4098-8b98-b9e24907d24d,500,41D,STARBOARD GENERAL AREA FORWARD
5edc43cc-7c25-48cb-9d9b-60d07d0ebf38,f4df1675-835a-4cc2-957b-5d7f5cd4180c,510,41E,PORT GENERAL AREA FORWARD
4fce1841-1b06-47a0-b7c7-bfaff0b0b681,44d8cb36-5e17-4d1f-bfe6-ea2588ead799,520,41F,STARBOARD GENERAL AREA FORWARD
920520b3-8078-423f-ac07-475a98f70593,1849f635-a755-4542-b068-9b19f9854c73,530,41G,PORT FIREWATER PUMP ROOM FORWARD
c610e54b-c463-46cd-835a-849642ae1a40,982e9378-38bf-4046-82a2-04ea81002b4b,540,41H,STARBOARD FIREWATER PUMP ROOM FORWARD
3daa666a-50c5-495d-b41a-e221cf2ddeb2,db404ad4-1545-44bd-b4f6-4d58f74a3c41,550,41J,ELECTRIC EQUIPMENT ROOM FORWARD
1ea44a85-cab3-44f6-96b3-dd2432892eb6,e09dacad-a067-4ea2-89a8-dc9553bde48e,560,41K,"STARBOARD SERVICE TANKS FORWARD, PORT CORRIDOR FORWARD"
5062b578-ce00-479a-8126-a1be7ab3a2a2,94d62c36-928d-4ca8-992c-8f886b625d65,570,41L,HIGH VOLTAGE TRANSFORMER ROOM FORWARD
8053de08-21db-4761-8b49-94672d61a41f,4caab205-61ad-47d5-8caa-cc7377636349,580,41M,ENGINE ROOM FORWARD
0eb603b7-4256-41c7-b6ea-44b20be74b83,2eac3501-6032-4074-84fa-5ab277862562,590,41N,THRUSTER HATCH FORWARD
ee60ede4-8a79-4435-8eba-fe2554a6d780,165992a3-d98c-4e97-8837-75c2d8a14354,600,41P,NO. 1 THRUSTER CAISSON FORWARD
53059ff8-8ba2-4512-8f5b-9f34f42da1a7,ebde6aa6-6bd0-4a51-ab64-dcb36683e3f8,610,41Q,NO. 2 THRUSTER CAISSON
f19ba534-eb3d-4f60-a66e-18f93dcb7376,c6832fc5-df6b-4d80-93ff-31c8d137892c,620,41S,PORT FAN ROOM FORWARD
8eed979b-50d4-45c5-b064-6e712d8ec9da,fe20a6f9-525e-42cf-a0a9-1877ab025961,630,41T,STARBOARD FANROOM FORWARD
03361182-9f48-40c5-a42b-c99933bb197e,4e0687a4-adc6-4c46-a1f4-4e77d9e1404d,640,43A,HYDRO-ACOUSTIC POSITION REFERENCE (HPR) TRANSPONDER SHAFT AN
86173f26-ca4b-4349-92ab-dc58f737aa20,afc32847-9814-4328-8c61-d5c2ca8087f2,650,44A,PUMPS AND STARBOARD STAIRS AFT
695d250e-ffb0-4413-b097-bef089c0a232,2711b8ee-3ba7-467c-a67e-faddf794443e,660,44B,PORT STAIRS AFT
57f97384-3daf-45d0-9f51-42ba953afc5a,6a6d258d-2f16-4c27-8d7b-f7b7a07fb37a,670,44C,MAKE-UP FEED TANK AND LUBRICATING UNITS AFT
2e6ea62b-5422-4d2f-8936-bb92091b9ec2,dd67a5df-8e90-4b18-a53e-d631eca2a5aa,680,44D,BOILERS AFT STARBOARD
979af66d-f91f-4ac7-b823-aa01c040be8f,95cff3d9-6cd3-4bf2-9fa0-479c0a943fde,690,44E,SERVICE AIR RESERVOIR AND AIR DRYERS AFT
20537799-5e93-4ac9-9558-f95573ed09b8,84987d76-3784-4fe1-8ed9-890b70b17acf,700,44F,PORT CORRIDOR AFT
ef84a800-e122-492e-8d6e-f05c1306b6b2,ac9426b2-486d-4822-b256-f5da46a1526f,710,44G,ELECTRICAL EQUIPMENT ROOM AFT
91fbf048-28e9-4059-8681-08d44b1d7ff7,d231eec3-286f-4077-8676-85c356a014d0,720,44H,NOS. 1 AN 2 I.G. GENERATORS
f9b64fe6-e5f5-4c35-b5b5-69e8ebc49d27,ec308cdb-58bc-425f-a0f2-e6837ed46994,730,44J,BOILERS AFT STARBOARD
7cedbcce-b185-41b1-b55e-8acd13d46a19,ea6ea342-0f23-4467-beca-6191061ae143,740,44L,"STARBOARD STAIRS AFT, TRANSFORMER ROOM AFT"
567b2b70-aca1-43e0-9a07-f96aa5432a6f,8de8cff3-720f-4428-b399-50342e2a5cd9,750,44N,NO. 2 FAN ROOM STARBOARD AFT
c080e9e1-8953-4f8f-bea7-d6230881f18c,65c38d06-c01c-4ab5-9095-72f4160a01d2,760,44P,NO. 1 FAN ROOM PORT AFT
ccd61ca0-9458-4741-8a42-dea5fd339f69,7f354b16-fa94-4478-a9f6-ff674d04148c,770,44Q,GENERAL AREA AFT
d71806bd-004c-4f24-b571-0f5a25ba66fc,81f74e7b-5831-4444-a7ef-a40839cbd118,780,44R,PORT THRUSTEER CAISSON AFT
1de900ef-88e5-478d-a2fc-00fa7b5faed2,63d1f176-81ad-4502-baed-4d0eb6856823,790,44S,CENTRE THRUSTER CAISSON AFT
34bdc9e3-144e-44a0-b7b1-71a84cc9179a,1670c72c-471f-48cb-90cf-5f3ddd81fd62,800,44T,STARBOARD THRUSTER CAISSON AFT
cbaba18e-4695-411f-b821-fd532005f45c,4bdf1645-c289-463e-8126-f0378ac2bdd8,810,51A,ELECT./HVAC DUCTING
b999d0a4-e221-4db2-8575-efc2465bc74d,5ea753d6-f132-4048-b8af-23aec0d4e51a,820,51B,STARBOARD STAIRS
f29bc841-c1b3-428f-9ff9-cd935ca00463,ce403f53-de07-47a1-b4e8-ee20a7729a97,830,51C,HOIST
066c976f-ad55-4208-81df-e28151607b12,39c1ccec-422a-4164-8f7b-3519ff57bde6,4080,BR20010629,
749be5f7-cd0e-4011-bb26-b079c673fa81,f64cde0b-47bb-4599-b44f-9b747da7e12d,4500,BR20030620,
b6ef1866-52be-4833-95ce-705b7bbe2cbb,63583488-b732-4ccc-949d-baa660e7a078,4510,BR20030627,
df4c42f4-2df5-4d12-9c5b-d161b3f792aa,5a1b7e8a-ba11-43f2-b540-bc7bee64923a,4520,BR20030704,
11b05881-a4c8-49bd-aa88-88f747165bd8,f360bccc-7a53-47ee-821d-006867bbbd8a,4530,BR20030801,
c5f9a478-3bac-4abb-a79f-bce5a97e96f0,aedb9f60-b9c4-4267-9926-f8c5aa53ef40,4540,BR20030822,
9c4222f2-9101-4fe6-996d-b3cc46edff96,fc607cf6-0df9-4aed-843f-c97f129b91f7,4550,FI20000929,
461df8d3-56ef-41bd-8ac8-f02086fe1c64,5a405c03-dda6-453b-b809-c93e740c07ec,4560,FI20001027,
cbdfcdde-499c-4aac-95a7-f0ff0cb196d9,44bdffa5-74a3-4c2e-99d2-b9ad4738f431,4570,FI20001116,
8c6c5252-8657-43e4-9c9d-ef9e6a65961b,f84952ec-ca85-4d28-96c5-5c7af495ba47,4580,FI20001124,
c498670a-93c0-498e-9ac4-7249bdd2f07a,3b4b4031-9695-4c68-93c2-2115d0dbad39,4590,FI20001124-FAIL,
58cf370c-21d5-4fc9-be67-5e9cbc8f7486,c95295d3-7c14-4258-b4e1-635deb71437e,4600,FI20001222,
8ffd2d34-ef44-4688-b501-c61c2b867c61,d238414a-69a1-46d8-9c46-2f0eadaacbc9,4610,FI20001222-0321,
6f57adce-0535-4247-a5c6-0c58cd6b9be9,f3655b1a-02da-4cdb-ac12-8c8aaa0402e3,4620,FI20001222-FAIL,
a35968e8-f6c9-46be-a4e2-c5192424ce02,014b120f-95e4-4b97-8545-76be5e2e93ee,4630,FI20010126,
1c72142a-8ed6-4d3a-80a1-98f5246dcaa8,02b9dad8-df36-4dbd-af5a-cf412eb80127,4640,FI20010223,
38d7ad66-145c-48d2-afda-5419f6e6a9cc,bc01b0a6-3d14-47f9-8f27-53263f2035e8,4650,FI20010223-FAIL,
bc40afd3-b9c0-43f3-bfc7-bf4fedc86ab0,b5e711fb-e92a-4f23-b26b-183ed42d68b3,4660,FI20010316,
23b87019-c144-4961-aa63-d869443e960e,08f99b81-eac3-44c4-9a57-bcd4bbe4c679,4670,FI20010323,
f3bae862-6176-448a-aec6-2b23a9c5dc59,68709d7a-8b83-42e4-9291-d8982cbe9d12,4680,FI20010323-FAIL,
535c4aaa-a400-4ef2-aea2-fda8d383dd34,84e2024c-d14f-42b7-8d9d-d7950c77b741,4690,FI20010424,
3d452127-81e5-4b65-961b-1e773912d431,160ea55c-dc09-4fca-bca4-39fa884c9cdc,4700,FI20010427,
6d544d29-07a0-4603-8f5a-2bc75b109cf3,5836e127-b49b-422f-90e6-23aa7e1d55ee,4710,FI20010503,
2db911ad-da05-4d60-8050-66cd25295823,7ec3ad46-38f4-4556-9ec7-c88d10043ad5,4720,FI20010531,
ba24f5d5-574f-4154-9a94-3fa42148386f,d4db3273-f286-41d7-9505-3d076d3952bc,4730,FI20010531-FAIL,
0d39cce9-be73-48d9-a355-df96a2e41003,4e63fe3a-a478-4f24-bdab-52fb3e0f725d,4740,FI20010608,
a01ad7d3-fd30-4b9c-9a89-8fd8467cab75,339c1020-9af2-4e4a-bbf1-5b12a0622833,4750,FI20010615,
6a7a0593-bfe9-467a-8b9a-5d608ea6dd57,e7d5879b-8755-4909-8314-19669861f79a,4760,FI20010622,
c2911574-d840-48c2-9734-7bacf5c5c9fc,6df0a49e-fd86-49b1-823c-55ebc7d7635d,4770,FI20010629,
d3e14809-0245-4afc-a1af-2428279a45ad,0e0b0ccb-1e56-40fa-a476-721608c5c622,4780,FI20010706,
3909ce1e-4a82-4d8e-a7e9-f4e26810c395,cbfc3dd3-b925-471b-8951-5f55adc0aaf0,4790,FI20010713,
ac2717b6-a722-469a-8b12-d06f01f99e9f,ef86aa7c-3b03-40a7-ac82-f2baf7c53745,4800,FI20010720,
7558bbc3-66c5-4b4d-b8fe-44e054ee07f6,529a3edf-246c-49f6-a0be-00dfe02c42db,80,BR20000622,
d070e070-fc7e-4a85-8c9a-a04276160143,65a49ecc-7c3e-484b-a2aa-6bafe08f2bcd,90,BR20000829,
db85a685-7bbe-448d-bd3d-680d2be0ca84,0d680df3-52f1-4290-b9da-0be5cce01760,100,BR20000914,
6917e438-901b-4a68-862a-ecab89fef857,41abfcb8-1b77-4605-9616-d32243294258,110,BR20000930,
105b035a-3471-448e-99bd-67ea9fe97999,76279c3b-ceff-4f69-a8df-9ceb882c0673,120,BR20001010,
501a57f8-141f-40b2-a6bb-029dd4b1af9d,d41e3a7c-8268-4e2e-b38b-7bd28e38d8bf,130,BR20001011,
a618676c-bd68-4984-9701-faa20b86d5c3,aadd3cde-2dc4-42e6-ad98-4cec2b1d293f,140,BR20001021,
e03898d8-ad5b-4a76-8233-f599e9cd59ef,be65f335-56f4-47d0-8b43-3acc84fa6f87,150,BR20001024,
afa02b22-5592-4bea-b96e-200d62e223ad,1a0582f6-272a-4eeb-9d52-369695753b6e,160,BR20001025,
ebb42a93-8ab1-4ec9-8410-3b4f24aac4cc,aec8f303-95c0-441b-aa54-acde2bad0002,170,BR20001102,
2ddce8e6-6547-4862-b92b-6951d275f05e,11d31a22-de19-472d-94c2-22e07f53c81c,180,BR20001128,
d491c1eb-61f2-434a-b7d7-660cdc83dd17,6304eb10-f7b4-47ed-bd05-164ab4b9de4f,190,BR20001130,
98cfa9e8-2ac0-4c97-bbd4-ad69da9970ff,2ab2e890-d215-4044-bb38-069c7c8b96a1,200,BR20001204,
b7810c9a-b6d0-4da1-afb2-ed40982e8679,ea6beeb0-e85c-457d-aa92-627e76c2ad07,210,BR20001205,
6b672314-03cc-4e1d-89bd-48392689f90b,a6e0c01e-4b5e-42c5-acdc-09860e3abb74,220,BR20001206,
b750d4d1-4d22-4e1e-a084-027499ecb4e4,057a18bd-868a-4112-9ec9-9fd6f633e2ae,230,BR20001219,
a2245ff4-88bd-477f-83a8-d50205380497,19bd581d-9a08-4b7f-95f4-ddbf4bc396bc,240,BR20001221,
651283ed-f91a-4c49-8200-10e0a041c55a,ca7ec428-89bb-4a67-af70-9cbe84fc99f5,250,BR20010206,
08ca7630-92d5-48d6-8255-aa1cf8332323,9190b573-b829-459a-a2ac-9f5f98eb0450,260,BR20010209,
d7339d25-eec4-437f-bb18-bef9b623d25a,0b4e93f8-a445-45f9-8cb0-038aa146ba19,270,BR20010222,
8f36c94f-f871-4eb2-8da9-92390bbbf575,ffb43c11-4592-4a0e-b90c-7f56c56ee119,280,BR20010306,
e1e5b0e4-31ae-4d7d-ada7-6eb4415ca7df,badc5686-7d00-465c-a3b1-653315b1aa86,290,BR20010328,
a89b2321-4e23-4af4-a3be-bbc367fcc1a2,b1a7c739-1181-43b6-8210-afa4a4c83605,300,BR20010410,
e6cc2dd7-b7cc-4070-93cd-1eab6dc80627,3bd705c8-3f6e-4559-ab23-7b5e299e4c0c,310,BR20010412,
f9442150-6af9-4a83-85d8-43b844c58154,09a49a77-fe79-475d-bf7d-196d4c869146,320,BR20010417,
feced4ab-24e5-4198-abff-36b10cbf1292,cbba22bc-74dc-48f3-868e-e9540046ef9d,330,BR20010419,
5c5f7187-78d8-422d-bba3-5684a34c4d5f,9401da7a-d1b6-4e44-9854-6b0e02a878dd,340,BR20010420,
098feeec-f801-4f52-a5ac-df0f6b7387be,87744926-7e08-4c92-afc6-f70f9c8862cf,350,BR20010423,
7ce64126-f7ab-4f46-a9b0-b3e58b668cf0,60d516ea-0a11-45b5-a6e3-c5401d48e4c5,360,BR20010430,
7c76430a-4ebd-4d88-bc38-6f8b9932ea34,fb04e549-8459-488f-a205-04bf0f744282,370,BR20010509,
b7964c65-df27-45e7-a151-5836ea3bcf68,86e34e29-39bf-4fc4-b1b4-6ae4d9b69524,380,BR20010511,
4d221079-3455-4cbb-ae17-d3c114d75128,398460b9-835d-4fc4-88bb-7bedd3fbe09d,390,BR20010515,
ec10b42f-9d52-4a98-bef8-084a69c6461a,795e29a0-946a-4b57-9493-ebb805e60729,400,BR20010516,
fb746b40-8467-457f-ba6d-d5b2ae7dc90f,287b855a-4379-4db1-829c-320e89bf48ac,410,BR20010517,
4e8a17b7-e528-41da-aee3-30c5cfc5e921,07cd1fcc-f934-4262-a8e3-fd2249de26f0,420,BR20010518,
81f1c56d-434a-42de-880a-39dd982d24d6,23ff29b8-1edc-4878-ad4e-44b10c6dfd0d,430,BR20010525,
59b53060-d4dc-4fbd-b54f-240bcfa430dd,91b2c30e-8e1f-4fb7-ad34-515167ae49a1,440,BR20010601,
24278203-a1b3-4682-a824-23fd9a695315,dd5a77c7-635a-4b84-9e4c-3c92ff4c0968,450,BR20010608,
0ab3b7b2-a932-4cf6-b654-ed5351b035e2,62cebf1b-ce0c-4d7f-84d3-617fa20e7721,460,BR20010615,
da4061eb-33ba-4124-b666-59590628e8c4,0e877425-02e8-4fe3-a21e-a94278185bb3,470,BR20010622,
a468016a-827a-4023-913f-c04f6588c4d5,a6849dd6-55f6-4959-9294-27e3289da27f,480,BR20010629,
37102fe6-5e41-4ef2-ad13-15afd8ee4ba5,bfeab637-d915-4710-836f-37fc1314abc5,490,BR20010706,
9113caf2-d00c-4b2e-84f9-ad47468510d0,72c7f172-ec12-48fb-9f07-e3be969734cb,500,BR20010710,
dd75df01-d5af-43b4-9d65-62173bf3c6e6,6651462f-eb76-4d58-8fbb-9c3150a60a1c,510,BR20010713,
66204f9e-f364-4005-9f91-999aa300f527,b1abb11a-d812-46a9-8f5a-e0a5ce0919dd,520,BR20010714,
0ad85900-e170-4d79-adc5-a7519b62c0f3,5abd14ad-5619-42ae-8302-97e9b3b0a252,530,BR20010720,
e41eba0b-2a2f-4d6e-b394-991a43208915,8a028ab9-1655-4cc8-9bbe-18d2fa8e3b4e,540,BR20010727,
7af32967-f194-4d4e-937d-547cbeda4a52,79f60bb9-0e18-44fc-b52b-ff090a1e5ae2,550,BR20010803,
584e4f94-9935-4eb0-bef1-ea8ebdee8ddb,1816b1cd-b205-4301-b175-3883d32f83ab,560,BR20010810,
97354a7f-21fa-4b0c-89d5-f3bd99a9b969,d2c5aeb7-ed82-4217-a5f8-3014dea9d3d9,570,BR20010817,
0ae61d4a-fbd7-4b8f-8657-499df76217c7,518bd522-3a94-46f6-9adc-3098b2ade6ea,580,BR20010824,
2107c091-ebd3-4b77-8078-8da88a83824d,4a9b0dea-c480-447b-ab34-b1f5e370b90a,590,BR20010831,
88f1dbed-f8da-40ee-bb8d-c215cbef57e7,82d1c612-6fbc-4bee-b9b6-29a67f2320fe,600,BR20010914,
4b549642-6a1f-438b-8eb3-80cd9f93bc23,167a425c-c97b-4d85-ac96-020ec4f4908f,610,BR20010921,
4e74388d-e33e-41b6-b462-33820f391afb,0e734f2d-58ba-419e-9aeb-699266ebdd7e,620,BR20010928,
021e67f8-4a79-4418-ad44-4fb7a65da680,cd291cba-7232-4a56-9c05-657675f7d7a7,630,BR20011005,
46fee482-10af-46dd-ae6d-318541e703e9,392d8f1d-e952-4687-aa91-d67192441dbd,640,BR20011012,
37012fbb-88bf-4624-9a76-0c4d0bde3f20,c0d3078e-3f08-4992-9802-f096a8c12772,650,BR20011019,
6c3d8725-0199-4099-90bd-5b1f9011f0a1,21691dc6-ac98-4a17-9bee-1318c4a2813f,660,BR20011026,
8f675352-8da9-4b69-abd5-c4c9bc6d262c,dbd01bbc-f154-404a-a6b8-9c7f5b69c9b8,670,BR20011102,
11d7f626-ba97-42c7-bc9a-ef57456a5cb6,9324ddbc-456e-41ed-b53d-cd8d5df75215,680,BR20011109,
947cb77c-7325-4bc8-9ffb-7ff439aa1b39,b01ea83c-37de-492f-ae9d-0cea79f4146c,690,BR20011116,
7aa1dbe3-b77a-4d6f-b2c1-5d9b1d538459,a1f48605-13bd-4bdb-bc59-c0418185f098,700,BR20011123,
a35c0d93-407c-4ebd-bfe2-c0c1dcd2dfe2,123215d0-7387-49e2-8cd5-01efa7d7917d,710,BR20011130,
5f5f7909-bb0d-43e3-bdcf-31d801123dd9,92c6674d-ee96-4239-9083-cacdfafad6c8,720,BR20011207,
2473d077-9b4e-444d-b722-3e667d488c9e,4948a138-05b5-4dbf-a332-680f29a2a093,730,BR20011214,
46c7a092-407b-484d-992f-b11db87413c4,94bbf429-046b-4a93-9fa9-e663aaa2e02f,740,BR20011221,
d42407a4-f016-4b21-8e2d-3f1395a09eba,a9ced13e-719c-4152-97ec-929f25a9e397,750,BR2001O706,
28608019-f020-48f1-a10d-580f44604978,edca61ac-9c7d-436a-9a2d-16967c6869e9,760,BR20020125,
52307316-1636-4109-b32e-8bd5c1d9e536,444d8754-a066-44ee-9e99-6a2b9aed6b53,770,BR20020201,
fba201d9-7440-4eae-b975-6edbdf1bcc88,941835f5-48b4-4faa-af1f-319059f5bcb3,780,BR20020208,
6b9fb42d-d290-49f8-95c0-57ba4e17ecba,0e886086-20db-4a86-ba8a-74e5e9ea37ee,790,BR20020215,
7029e5ba-6523-46f4-9f42-83973411613f,3e5d81e0-902a-4212-a145-7e7c57c5cab3,800,BR20020315,
2d829108-23e1-4c7e-a025-bfea0610694a,0e3a8dd8-589f-4e54-b851-33897d503ca7,810,BR20020412,
4a7c88af-f319-4e39-af1a-5a26cf243100,e8c9e107-1f38-4ae2-a157-f53fdd1a6f93,820,BR20030516,
593e5348-64eb-4a57-a7cd-f824107ca415,a8eb1ab5-5658-4aab-a1e9-92f9189e3f84,830,BR20030620,
5664764a-4053-4b79-89d8-8bdf7fe6171f,36eedaa3-186d-48ce-a874-8a3192941fc8,840,BR20030704,
151a3a66-a3f6-425d-a70c-44d31d0c6008,798b5383-ad50-49a2-8ea4-a5f76bb866e3,850,BR20030801,
ec23b57a-8019-4c69-ad66-6bd2714ff8d5,ffc3f3ec-2045-4bfc-aad1-cd24bfa80b60,860,BR20030822,
6287c050-3e7f-4691-9fb6-63d1a2a44dd2,8d297c7c-a46f-4c87-813a-3c9b023ea129,870,FI20010222,
2e59346b-27fd-43dc-a0d5-9a6f846ab9a3,378ddead-de0c-4257-aba2-55beeb93d722,880,FI20010427,
e375a719-9c31-4f26-9ffe-58e953cb7fcf,b91cb0d7-5452-4e55-a0c9-8e1e06252c96,890,FI20010517,
181cd4be-6f1f-4cf9-9a19-1d632f80892a,4b5b6d52-3177-4fcc-9ca1-2ba5dddb73f7,900,FI20010531,
36127c14-8355-4fd9-9720-77a268d10e38,0bf3575d-0f98-4db1-901a-b684663259a9,910,FI20010615,
173c91b5-003d-4fe7-bfd6-dc65f589a809,504d3090-77b9-4dbb-b6b1-cbbbee02b133,920,FI20010622,
1d111c41-c8f1-4653-8b7d-7cd411bf39b4,fc93215f-ae6b-4e47-b677-900172336f5d,930,FI20010629,
e520dbe0-0c32-469a-a226-3af4b3047ce0,b04a856c-ba5a-4a09-a7cf-fb9052a5ed4c,940,FI20010703,
3382606b-68ec-4a56-a47b-96a425e13c94,20f60409-48e7-44c4-b527-94602c0a7814,950,FI20010713,
b0b92fa1-af6f-45e6-90c6-596af0dfb482,366d88b0-9751-4310-ac6f-4495f82073ce,960,FI20010720,
8acfc846-84cb-46f0-913c-0f8d574d6681,9ef80fb6-2102-4863-a707-d9a108f32895,970,FI20010727,
c0b760c6-1de9-49b8-a81d-d9e6a9943dbf,5c5c6fea-85aa-44e8-8aff-3dfb4db26bec,980,FI20010803,
e6721b72-8416-4137-a335-686a9ac10d76,fef4fa6a-c20a-42d2-9882-e570db666bda,990,FI20010810,
8cdcdcb7-8d5b-4fa7-a8e8-7709f5d400b1,d9245084-74a2-4dfc-8065-5c1fd2f2565b,1000,FI20010817,
0388b2eb-a844-49c5-b1ec-9c64130664b5,31f936c1-57db-43c3-9f30-62f01c4e71c6,1010,FI20010824,
9906904c-2103-4fbb-bb75-3c2306978768,7db6e224-0cdf-4308-9563-e4371eb4c00d,1020,FI20010831,
be0974be-c2f4-43f1-b2ff-f78e2048973c,071dec3c-01db-44af-a0db-5a3f3be0af59,1030,FI20010907,
64941f93-44ca-418e-acc8-7d3ced3b5c9b,80262175-7a92-4098-8b62-e834a8c1c5bd,1040,FI20010914,
4d192648-9d76-4786-9bba-6eb82ef58891,88a8dc07-4e55-434b-955a-5bdb6050269b,1050,FI20011019,
59883044-5883-42df-afa8-23871cc5be5c,ab702575-aab8-4cb0-9276-14bbf80df133,1060,FI20011026,
c52a500d-c4c5-4a99-a536-21da4857a966,5fb667b8-409c-43f8-8e0a-71ac45c19744,1070,FI20011116,
5ccae34e-910f-4407-8acd-9da85519481f,1f1c5bc4-e2cc-4392-ae4e-8c0a56f153a9,1080,FI20011123,
35ef6253-f0f7-4e7a-98e0-1278a993c84f,ffe68ab5-d7d8-4e15-b653-c6962be54947,1090,FI20011130,
32f8c4f3-a8f7-437f-8f18-10f9122ddb39,e6b4499f-4e82-4023-b8c9-f69aef08c8ee,1100,FI20011207,
c3e496f8-c9b5-4430-9ff5-857e26f6c151,b6a8fab0-e073-4179-9fdf-4c259ea9d7e4,1110,FI20011214,
f3ee7f21-1f2e-4df0-b49d-7043f0b2b3ac,0049e13a-acb1-47e3-b077-6a7fed01be20,1120,FI20011221,
57710bf2-76d8-4804-94a3-68cee97ab0aa,d5053803-1eba-4a65-8bcd-62dd3e46ff32,1130,FI20020104,
4e18ae0e-4db7-444c-bae2-1528677253fa,44b50297-a57e-457a-accc-213d9f58ffd5,1140,FI20020329,
901ee72f-dc1d-4c40-a8da-f180155f4bbd,3dac2946-53f4-4bcd-bc16-8f2c3728d311,1150,FI20020412,
056ee479-9bae-4bb9-9753-995bbd10eb76,92791599-aa93-4a96-811c-5a4bb8c387ac,1160,FI20031003,
6751d006-3869-4c5c-ba68-11e53c4f5e71,79e89f76-80f8-4ee1-b656-218a58b05ca9,1170,KB20031031,
021f329d-4bd7-4447-a530-81d63a8b4ba9,fa615f4e-c1c4-4a91-b445-43fcef14f853,1180,KB20031128,
83b9765d-f443-4e8b-8e9d-e3a7a26eb4ba,51d99532-3a37-4c6d-a7da-930251ce581c,1190,KB20031205,
a5fc4c58-02c1-475d-9184-fe2de489a0b6,c88c47c6-30db-4972-a40a-544b69fb6393,1200,KB20040109,
5fafae3b-5b70-45b8-ac50-08a4af203fe6,b197c1b3-e0fe-4b41-b623-f93865f64c65,1210,KB20040116,
b55072c5-748a-4c6f-9660-7a60b2cf2b94,32d92c9d-df83-4d41-994a-b04b8531532d,1220,KB20040123,
a67d0b6c-4be1-4c60-973d-6ffab937898c,cd87ab80-d8a9-4574-a162-21a1c6a5122b,1230,KB20040130,
52a3bcb7-5c88-444d-a666-0d34b1640689,9771fe3a-eb3a-4c94-8f29-5ffab264e14a,1240,KB20040206,
44cc201a-65e0-40e0-a173-0b6ff0acecc9,deb7b86a-5d93-4697-a22b-cece7a1a93ca,1250,KB20040319,
a10f75a5-2098-4fd7-a2eb-786860f0d2e5,de4c3253-cf4e-45a4-be9f-9d06a9411528,1260,KB20040409,
6d4adf03-a25c-4497-a32d-f9a8fe6cea0f,51ef32e4-cf16-4601-a8c3-62e40458f1da,1270,KB20040416,
ff3187c3-0ad3-4efe-94fc-843ff702afbc,7e8fa576-abba-409c-b189-00009d985729,1280,KB20040521,
3a5b3428-aa3f-4343-ba03-df3fcc5b7222,aed3438b-0344-441e-99a8-473596912417,1290,KB20040604,
76fcea81-72d7-41c2-9f4d-150d841a3699,d332adb9-bcf8-4f90-996f-e63e6c6f4f7e,1300,KB20041112,
d5e725b3-9dde-45d8-9dad-6b6ece3db0c8,b15f38b3-3393-4065-86e6-a2ea60f9c511,1310,KB20041126,
0a190381-43d1-401e-a5a0-d2bf4f86ebc4,0484bcb2-651c-4e75-af7a-b4b4a5f26019,1320,KB20041210,
09796a95-2f27-4a33-8e96-10059dc79a8d,c1ffd2ad-17e1-4567-bd27-f98ddc66a4b7,1330,KB20041217,
6ddf576c-57d2-43f0-94e5-ba21dfc86e2c,39de932e-57b8-48d3-9e3a-e20dd05cd696,1340,KB20050218,
c2d14df5-447f-416c-84dd-d82e5e007961,1ec5756a-dd72-4971-a046-e781fc058138,1350,KB20050304,
de6a4710-6a1e-4348-a450-45be87e1c8e5,7e9506a4-3283-4a71-bbd8-3b096641b765,1360,KF20011026,
a3cf978a-9aa7-4e7f-9bfa-f4fc3b6354f4,a18e16dd-99eb-4f46-8027-f429c41aa811,1370,KF20011102,
14a1d7e6-0b4c-4e24-b4be-182534442ec9,d00b158b-9598-4112-979b-df496b469d30,1380,KF20020301,
7bbfc7aa-5b45-438d-8bb3-d6fc5f2ade5c,c13ae1f9-8480-4a3b-a57a-0b2bc6154121,1390,N/A,
76e97a07-3453-4657-953c-106edd6db893,d0092309-0371-40f7-8c07-836beaab738c,1400,PC20031009,
c5cb44b7-9404-4417-8853-45145021e952,69f6a77d-52a6-463a-a2d8-7ac800c930c6,1410,PC20031024,
559e7c80-c848-430c-963b-862e3d388c83,bef43888-c25d-48d2-b735-eda8095909dd,1420,PC20031031,
7d34f916-1663-4093-bf61-58cd80976519,8c52d3db-8f7b-4d23-adc8-1941231ec1fa,1430,PC20031107,
05477911-d5e2-45bc-88e9-b9a99f3aa7ad,b6b269cb-e34b-4bf5-b866-ac76a3a36a44,1440,PC20031121,
6cde4142-b23a-48e5-9789-b9dda4ceaab0,ad70cc50-16dd-4b66-b0e4-cb9a75eb1055,1450,PC20031205,
1a027450-e2b7-4e7c-86d7-7369dd79d111,0b7b4991-0a53-4a25-b27f-00b372f07a73,1460,PC20031217,
e06bccc7-5a64-40bf-ba91-aed08a39517e,1efa99d9-5331-428e-b56d-a98891a0897e,1470,PC20031229,
82d8de9d-957d-48da-a057-455164fdcfcb,aaa7b60a-f063-4489-aee2-464d5882261e,1480,PC20040116,
57d7ec2d-291b-4651-a411-f36d6975c5c0,232167f2-4f70-40c8-b1dd-adac7e2973cb,1490,PC20040123,
ccd6d724-6499-4ebf-9cd7-e21930b727bd,7fcf00c4-3304-413e-8105-172cefe1cd44,1500,PC20040130,
9ad5a1ce-d9a8-4b9a-b34c-095dd555de03,f40a4ece-c1ec-4d8a-bf87-7ae6573e5699,1510,PC20040206,
0475f10d-3d87-45df-a3c2-172d9836cb1d,b248f4a8-794c-4688-9b97-154ba2cc691e,1520,PC20040220,
433114dc-5f65-4755-8303-a5b3ae175567,a9ab5051-e68f-4de5-8156-ea4ffcacdcbb,1530,PC20040312,
6d05d8cc-97a6-42ca-92bd-e54471b0414f,ee86f70d-6198-4fa9-8f1d-655a4eab96c6,1540,PC20040319,
ae2480b1-1d25-48be-9130-484e8e4a6243,67ba9089-2d1f-447a-94b2-a62cb931884c,1550,PC20040326,
44f74cd5-30e2-451f-9850-d32b08a5f787,38efe697-0230-4c9d-b7ef-584c5de423b4,1560,PC20040402,
bd22ce5e-df49-4d40-b9e7-160a47d0b629,65f9770e-0ab4-43b3-8bdd-16aaaf5d0654,1570,PC20040409,
184d4338-5f0e-4bf4-82af-a8c1723c1af7,6824d4ee-a3a9-4866-b38f-a10a819cd8fb,1580,PC20040416,
462e0c0e-1a94-4434-9002-ef6edae8d78b,f88879ff-03ea-4ca9-a385-fe9ca3adc728,1590,PC20040423,
e48db30a-4b50-4eb7-a998-df847165abd9,8e6485e0-6cf8-4aff-9844-4febbae3a436,1600,PC20040430,
7a4a2ce9-2557-4c86-a5e8-7a848b9bbf5a,b07b458c-9b7c-45fd-863d-bafd3ee17c0c,1610,PC20040521,
a0b91411-6549-442b-8edd-be6d4748823e,ffaf0890-d19c-4dda-89e0-4c58f5ae0ff2,1620,PC20040528,
4898cb07-9edc-475f-85e6-ea588d532698,9c927e96-7b2d-4903-a027-ff4bbb8dd23f,1630,PC20040611,
8b8cc931-3acf-474b-8310-e781cabd5609,e1281e28-9805-4322-bc57-127759aeca9e,1640,PC20040618,
b1a0a9b7-aab7-4564-a802-d21744b99b24,8c61bf75-b22b-40f8-b383-62914978dbc5,1650,PC20040702,
efdc2350-ea07-4a1b-ae1c-f42bcb5b7766,8cc5da18-abc2-4ff0-b9cb-619e090b441e,1660,PC20040709,
2901c813-53d0-4dfe-b421-e98e3d9166b9,08c3c1c5-1809-4a2c-80c8-ef9c689c0c65,1670,PC20040813,
f1c87896-f0d6-421b-ba34-579d8d073052,6eb15bf2-dd34-4563-9b1e-f00ecffac682,1680,PC20040827,
b946b588-9783-4fc1-b69d-b4467743520f,5263c16c-635c-4e54-962b-d222d08e2f1d,1690,PC20040903,
790ac044-67b6-4049-956b-667042ac45ae,c6fe95d7-d570-45d2-a843-bc8c9962402c,1700,PC20040917,
5f5ac441-50bc-40cf-982a-12869deca91a,1c2381fa-e04b-44a8-88a2-325877636662,1710,PC20041001,
4f5c2c66-1f07-47c6-8c6d-cef9d9542c5e,f611e273-89eb-4604-86e1-1f07409159a9,1720,PC20041008,
76d2c275-9415-40c2-bc9d-2a4b6c54c920,ecd97c08-b125-4508-b3fd-d4f0d7150801,1730,PC20041015,
78a54ccb-e2f8-4b87-87bb-048eaf76e816,a568535e-b391-4a64-8501-03caa433e2eb,1740,PC20041022,
655a8e08-4c7e-48dc-817a-04b9ffc2e210,54e747f4-921b-4651-98f6-de26754c9131,1750,PC20041029,
84807565-4699-4aed-b137-d0dff6420335,e7144382-576c-4cf6-8cbb-d532c264cace,1760,PC20041105,
c2d2c576-7c5f-4f89-9eaf-b29aa767df2d,00fd9834-d9ae-4178-be99-4fc820633db2,1770,PC20041203,
4a8c8f7d-4932-4548-8bb0-5dd91696d479,c280bccf-a62d-4d55-9073-39fb919d59a7,1780,PC20041210,
12b47640-e13f-4027-958e-dd8773d52856,c07747cf-e756-4a0f-b33b-03554ec20e2e,1790,PC20050114,
7a8328a3-a175-4021-9933-6735543410ef,802c3277-a0d7-4c74-ad92-757f176cbdaa,1800,PC20050121,
72da2ae5-2205-49af-aa0f-d04edc768a93,6ee20c5e-6c10-4f05-924a-ac77167d6e1b,1810,PC20050128,
8dbf6748-44e6-4d59-a480-2c5caba71593,8d08d0e2-a097-4957-837f-355f383fd8ad,1820,PC20050204,
1a92c42b-d743-4c1e-aa93-c531c09177e3,415b5527-6110-473f-bafe-f16a7455f294,1830,PC20050211,
c5901e49-9c7a-4124-b2c6-2a6d8d6b25a4,0a7808c6-4777-4225-b31d-67e515ded924,1840,PC20050218,
f2820aab-615e-47db-a7ae-8e7a63c4aff2,7782809c-4fa1-4686-b28a-20fdc75b9aa7,1850,PC20050225,
10f52e07-dde9-43e5-b1ba-1113fd99fa5f,3d6a17c2-6624-4201-95cb-7e246c8133f6,1860,PC20050311,
c79cd18c-1816-43e7-99ac-2d02ecd79d8c,1a2ffc96-12cc-4490-9fea-927bb102fed6,1870,SF20011001,
b70e785f-e3cd-4d9a-90f9-e8ef6439ae42,360d7ad8-260c-452c-a843-62de4384e5f3,1880,SF20011123,
f9f9f482-077f-4073-8496-7e3f2ac4761f,0e60cac1-32a1-4950-9a5d-cbc7379f2070,1890,SF20020111,
67b39e8e-a336-44f0-a3b1-55c057962886,7729ae85-e8e0-4c6b-944e-9a2138c4ba88,1900,SF20020301,
d1f3ca2f-c4be-4a33-a5f6-64ad945e073e,f49fbae7-a5e3-4cfa-83cd-764a03ba00be,1910,SF20020308,
db8d0549-cb1e-4dfe-aca8-bc3539d195e7,edba5768-2d10-437b-a107-0e57852540c0,1920,SF20020419,
ba77c6c2-01d8-4acc-aa59-2b47d9599b87,be11d8f1-e8ec-4271-b2b5-893e94398652,1930,SF20020510,
974e06df-977d-4d85-bf86-c60bf49af27f,a22ff1ac-ef9a-4814-b990-ed7f7832e10b,1940,SO20011001,
654c8266-e510-4553-9e03-65b1ff66062f,a4ee16d4-199a-42ec-825c-31f92db2e7dd,1941,PC20060929,
5cc5657c-509b-4a1a-aa0e-76f1e8cf976b,aa79533e-44a7-45d7-b132-f8fef055cf0e,3,Y,"YES:IT IS A FUTURE TAG, NOT YET OPERATIONAL IN THE FIELD"
b1073c6d-d46b-4c20-8e60-36beb84d4500,2217b137-dae5-49f9-ac1b-1337eeffdaf6,7,N,"NO: TAG IS CURRENT, OPERATIONAL IN THE FIELD."
1f03db76-6e82-42d8-8f67-843cf5259440,7c0b1377-c215-40b0-b28f-8727ba6527dc,10,FUTURE,
70ce0154-e8ba-4ea4-8f7f-24bf7456bfad,2e760af1-a574-4b9b-9be0-f1a7358a886a,20,N,
8964e098-3a68-4efd-a2d4-fdf31a49f59f,c7002804-e776-44d4-88b9-4b94c75ace3f,30,U,
ef33c827-d5cd-4ceb-bc31-f5aaacdb692c,4a11614a-a8a8-4a30-871e-7333698a0426,40,Y,
660be8f1-8bc5-4714-b760-14218e843ecc,f4ee5dfa-926c-4f5d-a583-4d4710d47910,10,20PX2K050T,#1
a810f88f-4376-4c63-af89-a788430dce46,f7f5c2ef-9da9-475e-8dbc-77c2ad7f07ac,20,20SPX2K075T,#2
a53e7b2f-3e0f-4493-be32-d763bbba37a5,92dcc3cb-db88-487d-ad48-08aef2d66401,30,20SPX2K050T,
18d2ba00-aafb-41ed-bb99-f5e2b9a5d77e,8f2ec6be-ad5e-4e1b-aca7-8f5ee5b3c031,40,20SPX2K075T,
39cf5297-7bfb-442f-a6f6-de4f45d5dd26,713b5108-8109-446a-809f-94a25d4c98bb,50,25PX2K075T,
0445125c-ca52-43f6-89c8-d3ea65e10a82,986d0e2a-cd10-4384-8c3c-bc7efc0f3e16,60,25PX2K100T,
c4e93647-adf2-4dd9-971c-4d081800bb06,cdce9112-2491-4761-a307-358f28350b94,70,32PX2K100T,
a195867e-6dbd-4983-b9be-4ce0e8458ed7,35b217be-470e-4ebc-b37e-2d5c5093d79d,80,32PX2K125T,
3d33810a-9cce-464c-9a14-a86090fc1ad3,0a23a083-bbf4-47f5-a209-5f891797a93f,90,40PX2K125T,
97f0fc56-a27d-468b-96b4-703a7f461ec6,a48b426d-6f04-4838-bbe4-b195a4dea64c,100,40PX2K150T,
b95581ec-6003-4be0-879c-90b487b93273,8c7304be-5820-4b8e-a175-75ea390db509,110,50PX2K200T,
b9d51ad8-12f3-4abb-9913-41af014bed11,51ff58cc-b731-4342-8915-e489dfcbee0c,120,50PX2K250T,
b3f8f78e-90ed-4b12-9d5a-0840fe48577e,d4126819-c2ed-47d8-b9a9-a8f0c9c9559a,130,50SPX2K200T,
c423772f-da2f-4e40-a665-b65137bcb243,b4705bf1-71f9-445d-9033-f019bb8c66f5,140,75SPX2K250T,
6c3b1805-4f97-4f07-8c50-bdccf90c0efb,de17a088-3116-4dab-9fb7-8ed4e7bb6a88,150,75SPX2K300T,
7c10bd13-68e3-4a84-8e95-9d8e46be8600,f04f9a93-463d-47b1-9fbe-fdc9c8b720f0,160,75PX2K350T,
9cafd46f-d2f3-446b-ac9e-e645fcec5b22,03b3caf6-9ebe-4a36-9ece-52ff09d1f584,170,75PX2K300T,
1f086ac5-3acf-4188-a185-05c91e7f0eca,3856dd3b-9551-4dad-8231-e5b441d23812,180,20P2K050N,
f3be7dfd-5bfb-4467-a54d-f16aa2c696d4,d0c3d244-0632-4494-ab6d-ff3aae8e07c3,190,20SP2K050N,
e31b5ec7-3ff1-4c98-b513-79eb72825760,f307f9cd-eda6-4779-ad3e-bc8e4eb97466,200,20SP2K075N,
a494f7e5-7df7-4918-9722-00706cdc56e4,33b2db15-80d6-4a0b-ba3c-8e548cb96446,210,25P2K075N,
fcbd0ee7-48a1-4077-853a-d7d9c52db226,a2be4b65-7b38-49e6-b598-9c23c9a6f499,220,25P2K100N,
888d775f-77d8-45d9-90d8-87405d50e693,75964001-1183-4cce-88c7-97c3083c6f3b,230,32P2K100N,
3f321808-9d66-4815-ae34-33a0865c06ce,2319a812-8c27-4791-b0f8-63ef616e8b58,240,32P2K125N,
be9e786a-2a9a-478d-bb7f-e63bddb81e28,56f8776a-c254-44de-9c25-19da144de32f,250,40P2K125N,
08efce63-3690-4f4d-a952-e394b0fa7454,8a868ada-297b-4134-a678-331895e8d0a9,260,40P2K150N,
5f141fed-dd32-4e87-b8bd-91ad759f8b79,fd2f264e-ef8d-4a93-8356-0fe9d98c10f2,270,50P2K200N,
c71e7487-072b-4e27-ac04-86fb4ab6a273,45d2bded-16cf-4537-ac78-11d487e5c967,280,50P2K250N,
1cdd51e1-795d-4991-8a40-7967e647318a,3bf66566-e22f-4acf-9e13-9edb507a7d31,290,50SP2K150N,
9d636b6d-778c-46f4-8435-9f3dc81862ec,5d08b6cf-f6ef-4ef1-a3cc-88f425e364d2,300,50SP2K200N,
7533dbc0-2cdd-48ea-bd66-3c9c1579c6ea,8a79abf0-41a9-4734-823e-4ac59e9a0f2a,310,75SP2K250N,
49fd9e95-0405-4f2e-a3ce-d56ca4434ba6,6d8cb6ff-9120-4d44-9f26-f8eef621b542,320,75SP2K300N,
572b5ac8-e308-4d10-a70b-bae331e1f81b,f48f3eae-f062-427b-9579-f0fd6b2b2f8b,330,75P2K300N,
a2576f1e-0b07-479f-b43e-6ba93e2c809b,ed5a4f70-8e8f-4616-b836-ed4786ecd65a,340,75P2K350N,
4eb895eb-110d-4a94-b146-bfd0073d8e1d,49240075-16e4-4f79-b00d-3c7447bc28ba,350,20P2K075T,
198b4718-db55-482a-a2e1-ffaf047da6a3,e32adf22-c65c-4fd7-9b94-feb0fe4c5ed6,360,20SP2K050T,
04e485d0-cf21-4ac8-8f28-7d30f1038d36,e2900301-c6bd-4eeb-946b-25b3cdd1f41a,370,20SP2K075T,
e7847e88-178f-4464-a2b5-9c76a40b063f,e24b47bd-2648-4e99-a159-0d30cd433172,380,25P2K100T,
d7fb0225-5213-41a2-ad87-33d3044befb0,2d5e3842-da9d-4a71-a7da-e9dcdd7664e2,390,32P2K100T,
88f8bfcf-2cf7-415a-8d86-78cf74f78439,dc31b1a5-af74-4f62-80de-4a0cde898185,400,32P2K125T,
03fd92fb-6960-468e-bc77-e71dcd30b5da,76ce2bad-44f4-47f4-ade4-eae87b36c034,410,40P2K150T,
d2b5dac0-58aa-43d9-be96-ed63067419e7,d97af977-8c43-4a10-ae4a-58da9f54674e,420,50P2K200T,
aac5168d-7ef0-498d-b36b-34122ff7aa36,b99fba67-87ae-48f7-9ce7-91368fc9b214,430,50P2K250T,
e106638f-85e6-49b4-bafe-40ffe9daef17,c3d95fe6-4388-41d8-9eb6-42437597c8f7,440,50SP2K150T,
cba278b1-6284-4cfc-aa7e-d4280a509710,b79bc2de-04e4-46a3-94d5-b78a3d90bf4c,450,50SP2K200T,
50d90d3e-897b-426d-bf67-038d450f3a36,3fec7b1b-13a0-4fac-8e29-765c2ade3169,460,75SP2K250T,
e705af14-8e11-4cf0-accc-b3863a9cb832,bc9ee1f1-ee43-4068-9a26-8d797f9d2c44,470,75SP2K300T,
7029198f-b8d0-4035-b2d2-1be09af85d02,a40e2e42-6616-45e7-9983-7aaefbc684c0,480,75P2K350T,
cdb8c934-c236-4709-8e57-967119ca7ad1,bed60e40-8c75-4927-9ca9-65b4c4c3a8f2,490,20SA2F050N,
82581915-9e39-4eda-8976-565a1457f56e,4d0cce58-393d-4506-be54-43820b02ce27,500,25A2F075N,
a74ec61d-b6b7-4031-a72d-56d07a71dee7,383788f9-22b2-40e5-8230-feede32a064a,510,40A2F125N,
731d3e6a-8cd7-4b35-b058-5b267aad9257,b3a3de43-5471-450d-b95c-53c9a41864ad,520,63SPX2K200T,
ad18c4a8-535b-4e86-abb6-b5ab72fe4a2a,d0c74b2e-6f67-4f21-acff-876c6cc5f96c,4810,FI20010727,
f9da2243-9a45-4178-9d3e-54dcef5dae4d,4af0f710-6a56-468e-be03-290ddb2fc81e,4820,FI20010803,
2dc71d5c-1529-48e3-8216-43e33338abb4,97119dbe-a7bc-4c88-8c4c-b542f7d6fcf5,4830,FI20010810,
28de2476-0a48-4c01-a7ef-a1c83bc6e5a4,ac6572ea-f814-4822-a3c8-b532aff11174,4840,FI20010817,
401f4f72-f1c8-48ed-9e71-7b392f537a33,a18b4885-ce73-4fa1-b3c0-e841c0eead2a,4850,FI20010824,
5bbfdae7-90f9-4386-bdb9-69b57441324b,a1c65c18-771e-4932-a58d-36326511890f,4860,FI20010831,
e220b8ed-c0c4-4a0b-8a36-1ffd5460c33e,13f0d827-ea25-4ad2-bc7c-bb82239ac985,4870,FI20010907,
e496c76c-6e1f-41a2-9ae5-ffc59f96984f,20382a56-49a9-47aa-b140-5d0d31ddd96f,4880,FI20010914,
0937b3ee-c673-416a-b2fe-e2e1ebdcab3e,2d0f90ee-dba3-4e3d-b252-c82a7330dc9c,4890,FI20010921,
93664cfb-dc84-4cf5-9b74-8096ba6a20be,a33604d7-f94d-4f26-bce4-968b80f226c1,4900,FI20010928,
74792a5a-12ac-4bfc-96d5-4519304f9b83,ff15118c-a506-4b36-ac59-d4d9518978e4,4910,FI20011005,
985679b9-6ade-437d-983a-d6a357fe8c17,41595c46-9958-4448-8b5e-87d8e7217aea,4920,FI20011012,
8cbd4086-908f-40c6-8279-b1f3150b3036,5e91ef3f-b8f5-49de-ba2a-deb685a08f06,4930,FI20011026,
9d21e657-6904-4f16-8d9f-a79af20f58c6,d7e02bf2-8944-4bc1-bfea-fade86688b5a,4940,FI20011102,
283d0ac9-2762-41ab-8fb2-102a41361b4f,ed09512f-0180-4ef0-ad0e-d71981d55c99,4950,FI20011109,
460dbb18-1b14-4865-81ae-9cc918f45d91,cc50cef6-4207-4747-9339-c4ddab4a31a8,4960,FI20011116,
b479cfee-2c42-41b5-a70d-4d1c22cc6adf,77f20916-0953-454f-bc89-bda49da16e4f,4970,FI20011123,
81f7cf0e-192e-486a-b910-16a7186475f7,6732d450-f377-4c9e-a5e9-fd69ec471d88,4980,FI20011130,
46d63bad-84e7-4f6c-8bcf-5977361675c2,6db7b5aa-b7f6-4a90-a15c-c90e732ded22,4990,FI20011207,
52f4dd67-003b-46fd-9fdc-a3bd53564a75,d9741c38-8a27-49bb-be1b-e2b0b7248dfb,5000,FI20011214,
2e45fca6-65fe-415c-a387-8d8442d3809f,aa6b0431-4672-482e-a7cf-621cb1e95904,5010,FI20011221,
03199f0d-f820-4841-a045-2bd5fe8f6da1,8293fa14-2dc2-4bc8-845a-4560fed641c1,5020,FI20020104,
88efda07-2496-4d6f-980e-7c53b060a6a4,7b22dd70-4ff6-4f52-8048-ea01676d6bed,530,63SPX2K250T,
40ca9062-1c78-451c-be87-2755cbe9a356,840dc0a5-2720-45a0-bdde-388e421a8ff6,540,63PX2K250T,
46306575-0ce4-41b2-92d9-f7d1041ad1da,33691f4b-701f-4620-9019-fe6ad355e622,550,63PX2K300T,
c89a2e89-7139-44b1-bd6e-41c75af8b944,ae2f7bc8-77bb-42b0-8feb-4bef7271a441,560,63SP2K200N,
30f1c6b6-8014-4d34-af69-320c62c442d3,ad56d5e7-cc6c-4e6b-8771-c7402da07124,570,63SP2K250N,
e48b3335-0d17-4bfd-8010-91f5e7453b04,cbdb4a79-49e2-4ea7-94ad-14b19f731204,580,63P2K250N,
ef206a8f-8226-4339-b904-56d606cce99d,0b6dd838-5282-4cd9-b6a2-88b8cc007101,590,63P2K300N,
c3d836fe-71ed-4276-b39c-65ce4148b3b5,ffaf765c-f359-44a0-959a-48885c4cbe03,600,63SP2K200T,
da39f580-a7fa-42f2-af7b-6ffb8d6e417c,0fe310df-f107-4832-ade1-7d7cd9e9fdca,610,63SP2K250T,
5ca28564-0aa3-4fbf-9420-7ce01dc69f3f,ab406796-1a4d-49c0-a4d0-66bc99dde1f4,620,63P2K250T,
2ed0ace5-47a0-4e87-96c3-bcca48f6a6da,f4954900-2adb-42bf-9c93-b372e78b6522,630,63P2K300T,
a3659959-7fe7-4be7-9e2f-138a8109554e,87f48785-b5f2-485d-9dae-ec641d3fbe77,640,50SPX2K150T,
f96182e0-b38d-4476-9ac9-11c9da303998,9afad1a9-c8e7-4a70-ba9a-4aa2d963bdb3,650,25P2K075T,
c5752c39-56bf-4e9d-bf1c-fbded7cfa05c,af4253b6-58db-4ac7-8a61-ca8973c27d63,660,40P2K125T,
e48b7c91-d78b-43a0-9cfc-c86f301935fe,6f137801-1742-4909-8fa9-ac91dcf85fbf,670,75P2K300T,
01095c28-0d9b-4b4f-abdd-fb32ef793c0d,a11733c8-b6f6-4c82-8544-bf9d047afc9e,680,20P2K075N,
febc6e93-43c5-4f43-b3b8-8685f98b6200,162401e7-73a0-4d10-aeea-deaeb50a1a2e,690,20P2K050T,
d20928c1-6656-4078-866f-a1401ebf1720,e83a2d14-ff74-4d51-88b7-73ba108dea80,700,20A2F050N,
2ebaf21f-a7e9-421e-9ec5-b990a6066f1b,a8298390-ed04-403c-98dd-fa988e2a40ab,710,16A2F050N,
fecc5d5c-dc60-4f52-820f-54155b94f51d,c4a253d4-dc2d-425c-a0e0-2d98c2712041,720,32PX2K100N,
4e1b31c8-2677-4331-8219-8fa7cee7a7c8,c5f6cc41-a515-46f8-8b43-3d4736bcd224,730,32PX2K125N,
8a831978-8bfc-4e67-9994-d63c2b9abc47,90d902d6-8f8f-4de1-a670-607c980009e3,740,40PX2K125N,
73a5653d-8dd2-4601-993f-5933f4ea6899,c7e26cf2-edfc-4565-b6c2-86f350cae1e3,750,40PX2K150N,
62970723-caee-4860-8fdf-c20d6c07bb99,26be840b-a651-4dde-8f1f-d88379fce374,760,50PX2K200N,
a68ada74-f589-4e28-bb96-9d696bc65a83,248807de-9ff2-4c81-8656-06a39db85bb7,770,50PX2K250N,
1d27335c-5680-4bf5-9774-d40fd39d8dcc,5f0595f6-f5c0-40f4-bd0e-adc065ae1724,780,50SPX2K150N,
a3c859c2-afb2-45f6-8da0-e999f5b7e318,26dc5d66-10ef-449f-8c11-e147993eece5,790,50SPX2K200N,
0a57d1b6-8931-42f1-81dc-95894890ef4f,96881875-1a60-4ba3-9128-4fc51526affe,800,20PX2K050N,
8131a4f5-8f5f-461d-b2a0-19267110a21e,bdc1fbb9-f92f-4dd8-8d30-3a593e813cc0,810,20PX2K075N,
93dc7b6c-32b3-42e1-aed9-f16d0b2fc4d6,18429cab-a577-4a5b-9139-57f41dc56fe9,820,20SPX2K050N,
70cb0fed-bdc4-4c03-b156-5fd3b6faa0c9,e47ac4cf-c243-477b-9e45-a8df654dc572,830,20SPX2K075N,
06188ebd-6885-4412-b8b0-945239003770,3dedd494-d55b-4e14-b02a-9c66dd8616b6,840,25PX2K075N,
819a98fd-4b3e-40ef-b789-4c5f108d6dfe,6da4ff3f-9bdc-44a6-a89e-e10cced7f31e,850,25PX2K100N,
f9aff283-fe2e-4080-8d77-78e5d4b9f863,ad106d1f-bba4-4eea-8469-b12b6e3d5ee1,860,16P2K050N,
3de47c6a-abe5-4946-9de5-1dc8d594cbc0,0429a60e-d80d-49a0-a54e-26bf9b47a624,870,16P2K050T,
7f0b0ed2-f5d1-4b98-975e-84974fa55256,021940b9-cd14-46eb-90f7-64c0d8abd7f5,880,BY VENDOR,
24512240-7692-4e1e-a7cc-caf3c43c191d,f7e04e1e-6307-4a23-9df8-9c241fd43a99,890,25A2F075T,
fac0c105-aafa-429c-8d05-d9453ab22118,6171d0dd-4142-42ff-aeb8-1a594fc3d19f,900,25T3CDS075N,
34d0888b-81e7-4a33-9761-fa31844fcd8d,d136980e-7d09-4334-a898-d1d8d47a1e4c,1,TEST,TEST
a461f461-1340-4c66-9e66-c671f92d3706,202a1bba-60db-4a9c-8f5d-e5b480290b37,1,TEST,TEST
47e21695-d991-4c85-8415-7f2c97cc44ce,50d2d3f9-9b3b-4f88-a5eb-b6fba086d6b6,10,Y,YES
8f14b957-2934-426d-b22b-7d87b353d215,31eeba2a-7b82-4a65-af1d-40914fd4e8ab,20,N,NO
23567d30-185e-46f1-a698-2659254be61a,19b3b11c-b5a1-4643-955d-e3b89776e820,10,OHO-000235,
29e2491f-11fb-4794-bc48-c23d4e67074f,ce9816c4-f62b-48e1-a3a4-58047fb115c7,20,N/A,NO LONGER APPLICABLE
9a20c765-ad88-4546-bc31-531d43fe8f83,b118b7b1-3d49-4b74-8989-a9de25846070,30,OHO-000817,
01ee86c7-061c-4986-bce2-4148d4e6128e,94b2ed77-4573-49b9-b496-c59f69a13424,40,OHO-000818,
bc6f3018-3808-497d-aabd-7c4b91c353b8,62f88a0e-27b8-4ba1-be41-84ffc22606e4,50,OHO-000825,
1bec2483-0bf7-4116-acdc-5216d738446e,abb3a2bc-aad3-4493-a7f8-fef1d500a97a,60,OHO-000898,
46406e58-3e49-4561-8147-fbff963a8fe4,5159dc0e-73e4-424f-be63-b0304e336714,70,OHO-000944,
0ae5981d-a34b-41ae-b924-96d045e71966,a706ff49-195d-4d31-bd61-07ad34af6a05,80,OHO-001013,
c02be53a-747a-4ef2-92a2-1bd7319b8581,fc7c6cd2-d1ce-47c3-a92e-98ecedc8de7b,90,OHO-001026,
9b91a203-c639-4a30-bc16-2fed98e918f2,a768af45-4168-4c1c-84dc-6866b86b0c83,100,OHO-001039,
d2e200e3-6057-4f7c-95af-289e43fa5b05,4a9763fb-426e-40bc-bc0c-867a112d3918,110,OHO-001104,
9703490e-1ffb-4acd-9602-5309fec58cf4,b67485e2-6901-4156-8f82-2ea111cf5e2e,120,OHO-001142,
f8d157dc-1bbc-47a8-93db-f5818338b3aa,a626a0fe-11e5-4a1a-b135-4efa9103ca7d,130,OHO-001187,
fdca512b-b0ee-45a9-a544-541d3b8f566b,7d18adba-ada6-4d1c-9085-eb4b3d76e07e,140,OHO-001225,
710fc738-bb9a-418e-a243-3889757ec0de,d66854d0-c233-428a-becf-0d052368d941,150,OHO-001226,
9fa91151-0be6-4688-a3f0-3039456ddb89,7dbc3e5a-31f5-4280-a2ab-85768c8986ca,160,OHO-001347,
9c716434-3195-428b-9972-166baf97c7d0,52497fd9-461d-47dc-81ea-ec7974720a35,170,OHO-001348,
caa192e9-a8a2-48bc-866f-bb4e9d85fb62,22996113-8d6e-4a1a-a2bb-a58a9e181789,180,OHO-001369,
165bf0bf-52f6-4d0c-83d4-917f3f63b860,74946eb8-f55e-4abc-868c-8d348c4fb15d,190,OHO-001417,
5dab7a17-c67a-4b6c-8646-91d2e91d7869,f94a8748-0583-47cb-bb62-ad302b04a0e8,200,OHO-001452,
69835fce-9919-4d3a-a9ff-5ce39e072bd4,46dd79ab-e6c3-4e95-8c46-b376f401c2eb,210,OHO-001463,
71b0e107-b67f-482e-b452-0cca9213a78c,d5c85678-9d70-45a1-8c39-f09845af7708,220,ACCEPTED,
88517750-0adc-4fb0-8368-e6be4f7fa322,146fda58-4f5b-453e-ac4e-76fd086ce9b4,24,WT,WINTER TRACE
7d01d69a-9fc1-48b5-9e88-5ef2e0e8d14f,686ed5c4-60f3-44af-8eae-2942b88cd268,25,HT,HEAT TRACE
92c853b4-0a14-4492-8045-abad6d879a57,be93b26c-e330-4c0f-98a3-79e5e8be4de0,1,CER,
5e5dff97-f4e6-4055-bafc-d2ceaa60c670,643e95b3-b333-4cfe-ae65-1502b6b75e86,2,TER,
1f72ba70-881f-4541-8ad0-609a83875113,439a5b85-5c97-4dc2-89d6-c8ea042b59b1,3,V31,
fe4ab08c-a8e3-480a-89e6-df9ffdb41e8c,b439e0a9-96e2-44dd-a7de-87914edc25c6,4,V44,
4b67aed0-cfe0-4921-b4bb-0289fae74af6,2fe33ac1-32a0-45fc-99eb-9b5bd075547f,5,V41,
1b1e15e3-24ff-48c0-bd91-a733db1bdb26,f3626964-d3fd-474c-8613-d13d9b63057f,10,A00,
5fa51471-670d-4a3c-8e51-4f12148e34fa,83800cb7-984c-4e96-afa9-d0c283236ec0,20,A01,
c773c7d6-876e-4d0b-890c-2286077b87a5,b4f0c935-52d8-49e8-9638-c7da1fcc04a4,30,A02,
ad38f6e8-060e-448f-9eda-3cdaa126ddfe,81c9831e-b8d3-4fa5-b4e5-76c0206d06b0,40,A03,
5862924d-0391-4078-8f54-d7abd40d7ea7,006f6de8-5b74-435d-94c0-b3c32e6ad09f,50,A04,
1673a306-b109-438a-a460-cb5ba0c89e72,c20a2121-269e-4fcd-9dcb-30f53eb97a6c,60,A05,
927720c9-9a98-4e6e-a380-a08303048b01,2e2c244b-6d01-48c9-b908-e6659721ffd0,70,A06,
868f7c3a-94db-45d2-9f7b-f8395fb6c4be,9909b2af-cceb-4c46-8dad-0c4791d13692,80,A07,
08e3dbd4-4adb-4771-a5ab-da48fc7cb8ba,18313d12-c3e8-4d67-8fcf-63f8a79a5624,90,A08,
4fa39be5-ece0-406e-b576-4efe7dfa6727,f50e6855-7f5b-4370-b9ce-1a3b3f9bb4c0,100,A09,
03de82df-3d2e-48cf-b46b-b1e9c46976e2,6ed8cd76-0955-4245-9850-7900e176c10d,110,A10,
62090ead-b03f-4946-991b-d502f8127e8a,a18d182d-efa7-4116-a1c5-130b839ca8e2,120,A11,
cb197a64-7fdd-4421-992a-2d2abf1cdadb,0effa8eb-5849-4a8b-ab81-a37e9c069e90,130,A12,
4d7e4c29-d7df-4c31-a450-b70886ec7629,bdecfc0d-cd6a-4877-a3c7-fe4cda0a4c2e,140,A13,
a7114275-85b1-4e9c-be68-9f9fad297b51,c99707d6-d692-486c-8d07-f562a7b7cf02,150,ALER,
e9d0cbe8-eaae-4952-8f0e-f5c339eecc39,0fe8b797-65b5-4199-8331-930d070c2068,160,CCR,
61442cc6-dbbf-4099-b31d-1b9618d22b3e,0e7688a9-738a-4d7a-9ffd-a3c58f02d1ef,170,CER,
9597062e-d35f-4b18-8392-0fe523611336,80808014-eb55-4b42-8684-32c74c6f63c4,180,CON,
64133419-37d3-4690-809c-f337da863298,dcab88da-8cc4-40f0-a095-cc4937c698f2,190,D00,
83fb89ea-b5fd-4e8b-8407-a1270033aa83,0d3aca12-8a3b-4109-9bcf-c6daaef864df,200,FLD,
c9c837ab-2115-40ec-974c-2f953d07ba1d,a846fe18-609c-4341-ac22-e9114c9127ea,210,I00,
37f269ad-1352-4a23-959a-8e3cea791f71,c313290c-c9a7-4aec-b2d5-823c0661de12,220,L51,
f50d56d2-126c-48ad-b1c8-9ab0710cf9a2,4b9450dc-f498-4c7e-bb3f-8299278cc1d7,230,L52,
2a8f2109-c338-4fe7-bd67-1ccc1865cf4d,f03a28f3-8554-41dd-9c61-06386c98746f,240,L53,
cfbc0db7-f6d3-4738-8150-da10d47da863,4d26aac0-81d9-4c38-9224-2b5b00886573,250,L54,
59636c7f-8e4e-42be-a2b1-eb0ddd5801fb,0d23898f-779b-4686-bbce-b44ddec9916f,260,L55,
69c99666-7dd9-431b-a564-7ea4ed150415,86a175b7-e88d-4449-a745-6b2a7c5e55a0,270,L56,
32a6d50a-94c9-4b40-bcc3-cfaad1630fe4,4c0f1804-c688-4d91-ba4f-da91b3caf082,280,L57,
f0fecd05-85f9-4e35-960d-091a1f45c43b,c4e523ae-a055-4527-a540-c3ae69ec3050,290,L58,
3d192750-b4aa-4419-aa84-335117683733,5e07b67a-4ae0-4ff4-a9ba-aed8b10938fe,300,LCP,
66bc03a3-a390-4567-b127-be33f54d0753,ebb5d820-1b48-436c-b771-a493e6ca22a3,310,M00,
f3ee98f8-21a5-4719-a48e-4abb98cd1e2f,594fa021-840e-4d84-bc3c-6e59b4d32aa1,320,M01,
3e831f0a-d77f-46ee-8024-6f61c7f54be8,75915747-0534-414e-9750-a68741944540,330,M02,
1012cbd0-ebcc-44be-a3bc-e37b1019a820,7f7e98f9-e697-4117-9a84-088ed861138e,340,M03,
f24fdb68-268b-43b6-a0ee-9cec8bc0ee6b,27d25be4-ce12-4bd5-a9c0-c19835ba4f4e,350,M04,
bb3fdd3e-ca1a-4735-afd7-8e843694fb8c,67864b3c-2619-4799-af3f-66de2aecbf17,360,M05,
e4a2f093-c46e-48c8-ad2b-4f3f1ecc98cb,b033271a-4736-4275-9e6b-76e077f5d0e0,370,M09,
9fd56d7d-9e3f-4ae6-9d44-6d3aa133d291,662597ab-d5d3-4e1f-a847-de3cdc739ca8,380,MCC,
af0b3ab4-0bbb-452e-b7af-0ee3b9823e67,b8ea83dd-59e0-461d-8775-8fb40c031c7f,390,OHPU,
bf58e508-d92d-481b-a739-d80eb8afaa3c,73215eb0-fedc-46b7-82eb-d8b60b457a60,400,R00,
de224301-9c37-4c45-bdb3-d844ec050a78,8ec7fba6-3de5-44d8-9a89-a92ce9399f8e,410,S00,
8e49aad5-c12a-4f62-819d-e4aaa34228ae,fd9c0c23-5c81-47da-8a56-ae8225c52b9d,420,T00,
12677328-f4e1-4d71-bf07-6b623f6dcbbf,66d224a4-c389-4267-8a2a-bef9be70c1c7,430,T06,
6016be68-78c1-43bf-83a2-076acf08b93a,1f543639-939f-4758-8020-a9779e554b13,440,T07,
20786079-eabd-4066-86c6-c7434a90d71b,bbe1c430-3b97-4a38-98f9-e06f1922846b,450,T08,
f468b5b1-08a7-4891-897e-6c52a3a03e10,ff33e512-d358-44d1-b4b5-f54913b06152,460,TER,
bf0dc32e-f288-4c76-819b-925c3b38f382,cf94e036-a312-455e-95b8-75a196c70455,470,U00,
789ec051-2ecc-4ab8-b684-35173625448b,acc5414b-c189-4147-b7f3-15b24f8ab332,480,UCP,
0507574f-f15f-4d14-8a5c-c98248da6a86,24b7a363-3998-4f79-a9d8-e4c754c96688,490,V00,
66f0de37-127e-41e8-b9f6-c4e82fbb2465,742180f5-72e3-4afd-a280-88ff59c4e693,500,V01,
d7237f94-af90-4211-b845-472e62944151,640fbad9-f843-4d66-8203-62ed3b8dfa94,510,V02,
86d8674f-bbb3-48d1-bc29-5087a6dddab7,bf7c6c31-14c7-41ea-a520-e35e0d1eac91,520,V03,
39fee195-764f-4adf-82c4-5a6f086d3455,c81252a6-6d15-4564-a376-19aa139a3b50,530,V04,
5e999c9f-7182-4267-b92f-393e0da438d2,78dc1e4d-70a7-4319-b316-da6fabe206a0,540,V05,
c62e09d5-9f97-40a6-acb0-9c79cea01cee,ad0f02b3-42fd-4dda-8b00-8f8e9a3fc148,550,V06,
92fb411b-dd30-499d-8dd7-051a68d6245f,75b62ed4-9456-44f6-a646-ffd195190ff8,560,V07,
b1361579-ee4f-4bdb-b785-e8af9b224950,ab2c1b2d-d12d-4217-925b-a6eb9c3301c7,570,V30,
2f3a7733-aa17-424e-81df-535b3f2c2829,b0770a20-511f-4c63-9f08-1f3281ce9f6c,580,V31,
baf67dab-c0dc-49aa-a9f6-f60c5401dfd5,dfa12948-b8f8-41b9-82be-4e835d07fcc3,590,V36,
36410b13-21ce-4023-8be6-eff21b0a889f,996c3e35-51e7-4d8d-b591-7ea573dc3351,600,V41,
87f2fd29-0d09-4658-a340-bb3e1ec36376,0e91c596-1b7a-403a-a120-690c6c8c1b39,610,V42,
5dc758de-6f8a-42af-8dfe-95afa87edbf7,0002bfe5-8426-4096-8c55-4e78c1282e5a,620,V43,
08f078eb-5267-4686-85a4-ff4e4d557c91,a927c72c-dce8-4a11-8518-4b5817d09f22,630,V44,
735463ab-07b6-4eae-b5aa-a18caf5792fa,3ada27b7-c59e-4fac-a110-b0dfd1e84b06,640,V50,
597ab9c4-fd2d-496f-be85-e23a171935bc,d938651c-a0c8-454c-8781-a0a4ed6f71ff,650,V81,
dedea5a4-d306-406e-b39f-c896c1bc9f29,00f5f89b-0174-4d45-a916-032e8c87d924,660,V91,
d6cb4065-8337-4d7d-9bdd-7ec3d5524395,46180f9e-5e03-4e07-9ce3-92539cec9474,670,W00,
42c160ce-ea0f-4ebc-aca2-8ff1816dbdd8,d9071a1a-b509-4a7e-8129-ab48838fbf22,680,X00,
1f8023b4-2701-4bd3-996a-964ecebfd674,e4aca370-6252-43ea-ae9c-c37973c0c6eb,690,Z00,
bdbcd162-f025-4b5b-8f38-16450a9f3826,7cb9d810-cff6-4770-84e3-6d7ca89dd9c7,700,Z01,
0749f71f-5781-4a88-aeb5-81adf0f9ce20,582a750d-bcaa-415b-b054-cba4f8fc65f4,1,CSS,
39844e05-852f-4200-bcfe-5d696e31c721,c3983f5c-b09b-4527-b237-89ad58195d7c,2,WHPU,
3b115204-4bfa-4cb6-a1d2-a1c762cf5f6c,5fb69e56-600a-4686-9c46-1ece71a36a15,3,SWBD,
1f914328-1de7-4e03-9c18-7c9ac04faa85,a4252803-e0cc-41a5-9305-e2666846ce67,4,PCS,
94beef9b-1a75-42b4-8e5b-bd2a0e6d8cf9,3bf4599d-40b2-461f-85f2-3d400ea8d3b2,10,CSS,
0bd8d6f1-d813-472a-b4e1-37448aa6764d,72ea4faf-24f2-49cb-ac29-aaa228eaee09,20,CSS/4,
eb34df73-9d7a-46dd-9d2d-2f55d7ac7dc5,e131f790-25a9-46aa-91f0-32caf5914216,30,DCP,
154923a5-5eee-44db-82b5-4252b03dfc5f,06b05b22-75fe-4f66-a238-6c3263f328c5,40,ESD,
5c1d2f7a-b22a-4e83-84b7-ac0089fdcc8a,7c99d559-df95-49f8-869f-2c8d0a19e23e,50,FGS,
46af6d9e-c158-413c-be80-59d95958eb28,a724ef2c-5168-432c-a94c-9cd4835ede92,60,FIELD,
e8a6cf0c-d4f5-4e00-ba8e-eaab42016358,2a4b1f07-4135-49b4-a884-ebd930e8c3ba,70,GCP,
60d9d1df-9bed-4c8e-b377-bc090a89e0ee,aeecac5c-6aac-435a-ba23-79ada3eb2484,80,HMY,
127e182a-f7a6-4ba1-a60d-55332f51b76d,8026e485-5705-4bdc-9cce-10409cfc1991,90,MCC,
ed16e4be-bb1d-4cdc-90ab-f5166413dab5,355f3cf1-ee07-49ea-ae8a-17e665044f72,100,MIC,
e6700221-bb74-4bab-8ec3-74086a5b2b01,cd90c131-08aa-4ae9-a001-3343f17223d1,110,OHPU,
d50e8f75-1292-48a9-96f4-31d7e7a71863,520cb4c6-f39f-44e7-919b-02f40e5beedb,120,PCS,
f8e71dba-5a91-4ac1-a99d-fa4db64a52ed,59ecd569-e355-4070-bbf5-d4e64ab83c53,130,PMS,
ee8c82bd-a973-475e-a138-d95fd54fb480,6fb3c664-40a4-4b8a-b016-4202f6e961a6,140,PSD,
c58f5efa-4212-49f8-ba8c-7069f4b6839e,d04dcfb2-51ef-40a7-9974-1ee1f8c7cc42,150,SEMCO,
be30307e-9a36-4fbc-ad41-140acbc2cb94,0eafbcc6-bbf3-41eb-bfa7-f156146e609b,160,SWBD,
5283f6ce-a0b8-4173-9b54-8b4647db011d,4130a038-b9d5-41fb-982d-aee538d0cf02,170,TCP,
b7fbe82e-53fe-4da8-8f6e-188d39b1d4f7,0ce779c4-617e-4f9b-a9e6-a4ab9c811578,180,TEL,
e39dcddd-a557-48e3-aaec-45821a7008cd,01647117-c921-4599-9125-630696b292a4,190,TUR,
b48b13c3-c160-4f01-9a4f-1dccdb088eee,6fda9a71-91d8-4420-a4d4-1b16e5946391,200,UCP,
06646d0f-9e42-4cd4-bfce-9e057016e507,ecb2c64a-18d3-4350-a6d0-992c83a8db62,210,UPS,
afd225b5-b7df-490f-9bb6-c414887aabc0,46f4e66f-823b-47b8-8ed5-39b9610c531b,220,VCS,
02718b4e-afa0-44a5-b681-1313129c1033,4dd60547-e9ed-40f9-a88b-8654f3043e25,230,VFG,
8176cd30-5e7b-4440-9555-a021b26aca7c,3a67efa6-a490-4235-820d-79a7d978a5f9,240,VSD,
3dba1d44-26a9-4a5e-afba-7352d61267ae,34e8ea12-33af-426f-bf86-131a0aa516cc,1,CSS,
f713466f-6449-4506-9754-2405cb7b4334,ef7fd08d-1d55-42a0-a8ca-1adbf511f120,2,FGS,
5953b78a-e631-4a80-b755-972de0c74b7d,266edea9-54b6-49e5-8b71-030f42b9d763,3,ESD,
957abb9b-39cb-402e-8bbc-5c314dfabe3a,e6760773-2ad5-48d9-b204-e609c3cf011d,10,CSS,
206d1432-d1e7-4cc2-896e-3481db34df7f,bef08b5d-f6a3-4a52-9823-398f54c175a0,20,ECS,
5ce9a87e-e780-459c-b785-920685978397,f803608a-abac-42c5-917c-04e0de1e56a0,30,ESD,
3d710723-114b-44c8-94f6-f27d2a667374,57143c99-7193-4ca8-a4b5-6e85d0a709d3,40,FDP,
5d4ac2c1-912b-459a-86d2-a88da4eec674,c2ddffe3-bdba-40d5-9a06-14ac56725910,50,FG,
b0a6ae35-cb09-412c-b33b-ab059295d692,7d694ada-bc9c-4198-b314-bd161dbccdec,60,FGS,
d9532baa-3ea2-49d0-90e0-916e5ebef1de,29b3c34f-1f1e-457e-a10c-5df60536cffb,70,HCP,
800a7220-a727-4601-8843-e221570a5a7d,4076c25c-88e6-43a2-be40-4a17fe0485c3,80,HVAC,
277a2eb7-a7d5-4e34-b1ad-52f51a3415a9,0291f306-adce-480f-bf31-c670bf224343,90,MCC,
61edc289-75b5-4561-b075-21d15359e0be,ba2d4794-0d85-4d04-ac73-634e90f3f9f5,100,MIC,
336edbde-1c37-4a26-9425-54d5f7a0555e,97ba98c5-c9df-4b28-bda6-ffd8b3476468,110,N/A,
9cb718fb-36af-4c68-96a5-038d3fb81198,144357b1-0a11-48ff-bac8-f18bfa6a4144,120,OHPU,
361bb3fa-32c8-491e-a482-6b6c2a176360,cfcc5b49-2e57-4ee0-9d74-945735dd6a33,130,PCS,
49d263ff-b998-478d-ba59-56030c204b09,e1974ba9-a4d3-406b-9c4b-65478aa24bed,140,PMS,
56f9fdbc-2679-4021-a714-32ae4c379aea,221757bc-699f-470b-a82d-f498a17757b3,150,PSD,
880d485d-85d7-4876-b7b8-2b6d0a95a201,d5a5b345-1213-4b60-a249-41cbce2f3dfd,160,S/S,
39cb2be5-f107-4ae8-a573-2cc977985a05,4ab1d37a-f558-4d2f-83fa-c6a05a4d363c,170,SWBD,
d5e73c66-8609-4df8-a095-ed476e6da3f8,9a5c049b-b79a-4717-a1d7-80b02bffa361,180,TCP,
e8777eaa-cbc4-4306-8d46-3ee37e9d9ff5,60e861f4-285d-4bec-8009-842c8b30512b,190,TFG,
ce5a9f4c-bf13-4bfe-bb37-09922f4d28f9,80a4e223-e8f0-405c-8f65-cd33ce500a03,200,UCP,
dd633e1c-030d-4d52-92ab-1fe6c95795ab,272f3313-4bd7-4e20-a27e-adcf517c2a9e,210,VCS,
fea92108-ac13-48c5-ab5b-8ef591b8ca4c,64d365b0-c3e1-4589-a320-e17a8b30a2ad,220,VFG,
6a430ae2-7c62-4e32-9bbe-46349cb4b916,b6de2191-ddbc-434b-bb09-379361b1e7b8,230,VSD,
dffebb11-4ddb-4a29-88a3-eb2aa4ff5683,fb3c448b-2e57-490f-a6b8-b391448c2fff,240,WHPU,
df521124-3282-4b3a-9dc3-825d9c997b66,eafff6bf-846c-46fc-92ee-3e4ab04a89cd,1,D,
4c63b1a4-31a6-4f9c-9749-5834523c3d3b,e10421b6-9957-45e0-bb4e-cb302c07e10d,2,G,
bd1bf67a-3458-406f-8027-20b4b9b96efc,156f05e8-6fb4-43c2-ab6f-0aa7c9e43694,3,H,
35593205-ac8c-4a18-b2d6-275670297564,6f6285fb-6109-4911-adfa-41668ba266cd,10,D,
d8d3f85a-f813-40a1-a13c-ec9353e97479,b63584bd-ce7d-4e6f-af60-eac9b341da57,20,G,
7de04d0e-76c4-4874-ac57-e4f660cab284,130db2cd-bfe6-40fa-a145-a3433063b74a,30,H,
9dbe7f3a-3bd6-4d4f-867f-7a26e37fc8b3,b7c0910e-2dfa-48fa-9b25-8ba4d8f7fdc8,40,R,
07abaa81-8997-408e-b278-d4fcd2e631ca,76a4f6ee-adea-457d-8df9-a84e42228dad,50,S,
31156ef6-316a-40c8-a62b-14ca6ad7401d,e9b8b096-88a5-4b13-9185-0e2ad3c7d1e8,1,AI,
88354935-17fb-4280-bdc1-7b2086485f6d,8b016352-ed0d-46db-b068-13bbcbad477d,2,AO,
ac714d6a-940e-436a-b8c2-740cf0c0cc5e,6ce46c72-e63d-4c27-a8f4-31c0ae382b50,3,DI,
b196bba9-a07d-4f75-a650-7bcbbef1fb7e,fb90bb0e-6bb8-4dd6-b8f1-bf8df6d9a033,10,AI,
f27d781b-8fb3-43ad-9bcd-ce8d99852540,8b2aa362-0810-4b32-be43-a9eded84cc6f,20,AO,
278d2f0b-5d54-46ea-a35b-a451f92730fc,f71a2b38-711f-4170-b3b1-909a1543f343,30,DI,
5b5ec799-c59e-4a83-bff8-c7618bb1ee58,624ef398-7b93-4995-a89d-495c59b9bbff,40,DO,
08768ee3-a7f5-4ada-a0ed-c3d1a7950d57,a8cb9672-fd3c-4eb5-ae57-9aeb22187dcc,50,N/A,
f8cfd99a-c379-4890-9036-3dd6f33d325b,a8e2a434-39ac-48e9-a631-00a9cda310b1,60,PI,
37b88b42-e456-4a72-b3ff-4d05179f40be,07728eee-26d7-4aac-abf2-04948bb5aa61,70,RT,
148aa540-e8de-4407-9dd1-ca1d27b632ad,35a38a6c-3bec-421e-b0e3-9cea2328f126,80,S,
325a937d-0082-49d8-999b-d1049dd23dab,e6f3ea10-7ce8-4551-b079-f362f7f89ce1,90,TC,
f95de27d-2953-416f-8241-632ea1856cb7,162ea763-e27f-4e5d-bac7-ede7b4ab18d2,1,0-10V,
39a90b9d-2b6c-4e9e-9c59-61a2c49e9899,db99a98b-17d0-463b-91e9-48fd64e05162,2,0-20MA,
0d6f0e26-8f1b-4895-9605-086d2b00a4a3,05815b3f-2f41-454b-b289-c7336326629a,10,-10:0:+10V,
044c3f32-ae6c-44e3-82c7-1e84b3d29d4c,9d711ef5-54cb-4dd5-b850-2695b892e65c,20,0-10V,
abf430e3-2bef-4d86-a671-5c9360bf7560,c4932868-395e-49dd-9585-8e0fa7853110,30,0-10V +/-,
848dff5f-a051-4920-b08b-f90ccba0dff2,80093c62-b530-4293-96eb-978b1d318084,40,0-20MA,
f2eaa16c-f71e-4b1e-8ee2-a0cf8b3a4ae6,e14c3e2e-b6ea-4163-90bf-8207846bf22b,50,1-5V,
8b831a60-c67d-474c-82f8-4e35b80343d2,792427b7-eff6-4eae-8f73-15cec677f9c5,60,24VDC,
e1303583-3b01-420a-8567-5cfa1eb4f77e,398d1a87-c3e8-4012-b052-31ff152b3d84,70,24VFNC,
9288947c-4826-4e02-8a23-1009884c0616,20e87216-9554-49fb-b4b2-775fb7ed7978,80,24VNDE,
0272e273-4c29-475e-a20e-911e2390f7c2,a3180cfa-bd3e-43cf-a8fb-e981e386bd5d,90,24VNE,
fd6084cb-cf4c-4965-a8fa-4d96ea092bdd,84d3dc6a-6222-478c-a9a0-f869f4613d66,100,4-20MA,
c5e124c8-44ed-4f5b-8d77-63b497f0502a,770a638f-414e-4b47-b0c4-9c9aa19de437,110,DI,
a8f8423f-1c9a-40ed-b1ce-d11ead45fa11,5ff394e1-8047-4d91-a5b0-f379448797f2,120,DO,
147f344a-3295-47f3-975b-b69118ea3ec3,f7d51f92-a76b-4040-b192-b66e22626f2b,130,IND,
ca48f9ba-d37a-48dc-a78b-85263caaeaad,849ba953-0298-4d25-98af-66966b5ab26e,140,N/A,
60779f9a-eaa3-451c-bdf8-9fccfc5aec56,cbf32df1-9ada-44b1-8bc4-b85b1feeffbf,150,PULSED,
0089f977-5553-4b01-94de-67bb6944b92e,bde2e54b-293a-49c1-a3ef-d8588f3e37d8,160,RTD,
0a65cee2-ec54-4adb-ab9b-0e8752b82a93,5ccd1d18-e020-471a-8534-25de71e00d58,170,TCJ,
016191bc-7a85-4f54-b022-fab820cb3cb8,f1a54c3b-d28a-41aa-9d2f-35bcf7f9d63a,180,TCK,
bd4c4bf2-a70a-45ff-8e20-aaee23d130e6,f9698833-3e55-4263-a9cf-2f636dfb9d3a,190,VFNC,
93385798-182d-4838-87bf-78750ab61735,b0beb5cd-0bfa-4b2e-b777-2988d1ca56eb,200,VFNO,
f2a1c11f-f736-4f84-916b-085bcb09f9ce,9b3d4ae5-95f7-48a7-aa63-3bc93b4ea05a,210,VFNO/NDE,
42929ec2-218d-4c20-8496-10ed3baadebd,cdcf5c84-0364-40e2-a579-6e84383ac609,220,VFNO/NE,
d7329306-0672-4d0f-af3b-5a6e1c26fecb,5cffa37d-6d35-4865-bef8-9f5dc9e4c39c,1,IS,INTRINSICALLY SAFE
59bc7845-640d-477d-94f8-d44a334bf463,b3febb8c-ebb4-4b7a-b928-6cefb9e8b0bc,2,NIS,NOT INTRINSICALLY SAFE
104dd9bd-24bc-4686-a1b9-04225a5093d0,04883035-4c3f-4956-80d4-3cf44a40e3f8,3,N/A,NOT APPLICABLE
e194bd12-048e-443f-a9f0-4bb1b8d70db8,f5ace377-c6e7-47d3-8fa8-9187d69c42de,10,IS,
4f537584-3a2e-4345-8e52-80034377ee16,997a9bab-4ab0-408d-88be-f23129b0ac39,20,N/A,
13833c5a-bd6f-4631-aa4f-c17adfd507a8,38ea7f37-07cb-4144-a7e0-1b6e09ee3b7d,30,NIS,
4194cd53-6169-433f-8d89-1cde6c350a43,a9cec31a-1339-4aa1-9376-b695d3e54907,1,N/A,
2691f7e6-aa2b-47ad-8ff3-b72d717900d4,5f35cf6e-716d-4ea9-9f74-6a1b6316970f,10,BR20020104,
5dd8eaa4-6217-4687-bfd0-601cd0f3c9b1,d07d4d32-017a-4c78-ab66-7b34da110bbe,20,BR20020201,
f3f55a77-fcd0-4947-8ad1-e502accec812,753c8bae-7234-43f2-9326-9c56fa86f4e8,30,BR20020208,
0d578982-cb53-49a5-b5ef-2008b8ee5928,aa63392a-4d30-4089-8418-846a79c67be1,40,BR20020215,
15366fbb-bb54-47ad-9a90-cb2d105359c7,b49a823f-0dec-40f7-80ca-4dc631850d82,50,BR20020222,
2faea732-1b4f-41f9-939a-40921c344dfc,83e57257-968d-4867-ab7e-635819c10ca1,60,BR20020301,
01e9c0e1-96fb-491c-94db-a2f3a57c2ccb,0b3ac901-e8d1-4bfe-ac47-b479c1c149e3,70,BR20020308,
562c79c9-3393-4910-8510-7a5d23bbc5a3,0ef99646-33e2-4ca3-ae9a-48406925fa55,80,BR20020315,
1e862588-4299-4d7f-af26-565166a7917e,cf552245-9988-4fa8-954a-dc18c4950f03,90,BR20020322,
617d95d3-e57f-43cf-adc6-e99a0e18d9e6,44c5b78d-07d3-491d-8f6b-36797bc8e040,100,BR20020329,
79d4b700-ce9d-4a25-90ce-516581820860,d8168a62-fd09-46e6-96a2-e825e2310ec4,110,BR20020405,
14733d42-7412-42ff-82fe-ecb80884841a,c843b159-aaec-4904-a631-62299c1e17ba,120,KB20040521,
ff643593-b60c-46b0-b240-a536b7e53a87,1b239326-8de0-4c63-8639-e8918f8acf79,130,KF20011016,
bb9ed991-a1c1-48ae-9112-31f6526e6e78,d8544ac0-0806-45fe-a92c-1ebabd5f8878,140,KF20011221,
149f19bc-87ba-4789-a3f3-0515078dca3c,a98bf776-b403-4e30-8a56-74f10d263715,150,KF20020301,
0a995e86-6e42-4bf4-8162-befbf8bf4eaf,cd7c031b-5fbb-4dc4-9961-949308d95fa3,160,KO20011016,
ed872b2f-a118-41d2-8c54-5e265a10be1d,a6b8184e-3a0f-48cd-84e4-aa1d5f999469,170,N/A,
2aa73d05-3d4f-4f99-9d5e-51b03aa0aead,7fe9001a-c288-4869-ba1f-77920a6b4280,1,56,
a37b2cb7-c955-41ab-be69-125372ad3bac,20c178be-4ceb-4657-88de-d00dfcce245c,2,57,
591a6555-20f5-4f13-8949-1380980dac94,237765b0-82bd-41fe-80e5-7013136fe555,3,58,
ed113e2f-9840-4422-8bdd-5dd5897185c6,3eadf9c4-7ac0-4850-be64-cdf35f1231e3,4,N/A,
976155aa-9918-4cab-8a96-064266e0c70a,fe29fe73-320f-4c0a-9b1f-baebffc01c39,10,0,
36105e35-27e5-46bb-89b5-d9aa991077de,550bea83-4732-4cc6-815a-499cd04c0850,20,1,
840d7586-4738-4352-b380-1560566e10a5,b53d481f-938e-49b2-bad1-4ffe15a7f89e,30,2,
13606b14-8733-42b1-b4d2-53390ed1ce00,907185ca-5559-436d-b3ed-e8ee7c5cf142,40,3,
8107a532-ef40-42a8-ac6b-a2f8695da805,1fa6b3d7-b309-4d91-97de-b1f20f447e96,50,4,
01e591f0-bff2-4253-b8f2-0e402ba883c5,ef7947f7-3a91-4089-81a5-8f2f8cf4c8db,60,5,
8e2c746e-8e53-4139-8817-6c8df671f235,a740aaf8-d49d-4afd-b6f3-7734a2a05b2d,70,6,
c35fd02b-c5b1-4ed7-89c0-88a954d13bad,649a882c-b7b5-42ac-9a05-766d89ef1d1f,80,7,
07b58e92-4e43-434b-8586-6a7cf6ce2655,ebccc9ba-31bc-4a4e-ac4e-7a55c2956767,90,8,
1853124a-eece-4d94-bd3a-d87760a836fc,32cf6867-6633-47ac-afb0-d2d4a81ca24c,1,New,new
1853124a-eece-4d94-bd3a-d87760a846fc,32cf6867-6633-47ac-afb0-d2d4a81ca24c,2,In Progress,in progress
1853124a-eece-4d94-bd3a-d87760a866fc,32cf6867-6633-47ac-afb0-d2d4a81ca24c,3,Completed,completed
840d7586-4738-4352-b380-1560566e11a5,bbb71228-3e92-4d25-98a4-8f372cce0acd,1,Equipment,equipment
840d7586-4738-4352-b380-1560566e12a5,bbb71228-3e92-4d25-98a4-8f372cce0acd,2,Cables,cables
840d7586-4738-4352-b380-1560566e13a5,bbb71228-3e92-4d25-98a4-8f372cce0acd,3,Heat,heat
840d7586-4738-4352-b380-1560566e14a5,bbb71228-3e92-4d25-98a4-8f372cce0acd,4,Instruments,instruments
840d7586-4738-4352-b380-1560566e15a5,bbb71228-3e92-4d25-98a4-8f372cce0acd,5,Lines,lines