{
  "annotations/instruments-data.cds": 1653351372424,
  "manifest.json": 1653406319653,
  "Component.js": 1653347102358,
  "manifest-bundle.zip": 1653406319666,
  "Component-preload.js": 1653406319902,
  "Component-dbg.js": 1653347102358,
  "common/value-help.cds": 1653351352348,
  "common/header.cds": 1653351352356,
  "common/field-control.cds": 1653351352500,
  "common/doc-xrefs.cds": 1653351352356,
  "common/core-data.cds": 1653351351804,
  "common/capabilities.cds": 1653351972316,
  "common/admin-data.cds": 1653351352660,
  "annotations/tag-list.cds": 1653351372896,
  "annotations/line-data.cds": 1653351372588,
  "annotations/labels.cds": 1653351372568,
  "i18n/i18n.properties": 1653347102362,
  "annotations/heat-data.cds": 1653351372324,
  "annotations/equip-data.cds": 1653351372324,
  "annotations/cables-data.cds": 1653351371904,
  "annotations/annotation.xml": 1653347102366,
  "index.html": 1653347102362
}