{
  "annotations/instruments-data.cds": 1652998091037,
  "i18n/i18n_en.properties": 1652804669692,
  "i18n/i18n_en_US.properties": 1652804675256,
  "Component.js": 1652742683048,
  "manifest.json": 1653406308011,
  "manifest-bundle.zip": 1653406308043,
  "Component-preload.js": 1653406308337,
  "Component-dbg.js": 1652742683048,
  "common/value-help.cds": 1653344805713,
  "common/header.cds": 1652759969013,
  "common/field-control.cds": 1653349569407,
  "common/doc-xrefs.cds": 1652804188913,
  "common/core-data.cds": 1653001125022,
  "common/capabilities.cds": 1653360392396,
  "common/admin-data.cds": 1652804625019,
  "annotations/tag-list.cds": 1653349628315,
  "annotations/line-data.cds": 1653019224639,
  "annotations/labels.cds": 1653054471870,
  "i18n/i18n.properties": 1652804665792,
  "annotations/heat-data.cds": 1653000462931,
  "annotations/equip-data.cds": 1652890897906,
  "annotations/cables-data.cds": 1653000455337,
  "annotations/annotation.xml": 1652742683056,
  "index.html": 1652742683048
}