{
  "common/core-data.cds": 1652761426927,
  "i18n/i18n_en.properties": 1652744446405,
  "i18n/i18n.properties": 1652755221036,
  "manifest.json": 1652787815104,
  "Component.js": 1652742683048,
  "manifest-bundle.zip": 1652787815131,
  "Component-preload.js": 1652787815388,
  "Component-dbg.js": 1652742683048,
  "annotations/tag-list.cds": 1652760930077,
  "annotations/annotation.xml": 1652742683056,
  "common/value-help.cds": 1652743903088,
  "common/labels.cds": 1652756645925,
  "common/header.cds": 1652759969013,
  "common/field-control.cds": 1652743895434,
  "i18n/i18n_en_US.properties": 1652755381766,
  "common/capabilities.cds": 1652744208314,
  "index.html": 1652742683048
}